# status	folder	message
DONE	/Volumes/导演们/让·雷诺阿/风中双骑	completed 2026-06-10 14:08:02; output=/Volumes/导演们/让·雷诺阿/风中双骑.Saddle.the.Wind.1958.mkv
DONE	/Volumes/导演们/韦斯·安德森/水中生活	completed 2026-06-10 14:08:21; output=/Volumes/导演们/韦斯·安德森/水中生活.The.Life.Aquatic.with.Steve.Zissou.2004.DVD.SCREENER.XViD-TheFly.mkv
DONE	/Volumes/导演们/埃里克·侯麦/德莱叶	completed 2026-06-10 14:09:55; output=/Volumes/导演们/埃里克·侯麦/德莱叶.Cinéastes.de.notre.temps.Carl.Th.Dreyer.1965.mkv
DONE	/Volumes/导演们/安杰伊·瓦依达/伊乌扎的陶瓷	completed 2026-06-10 14:10:00; output moved; empty leftover dirs removed after script fix
DONE	/Volumes/导演们/安杰伊·瓦依达/桦树林	completed 2026-06-10 14:14:49; output=/Volumes/导演们/安杰伊·瓦依达/桦树林.Brzezina.1970.XVID-KG.mkv
DONE	/Volumes/导演们/荻上直子/厕所	completed 2026-06-10 14:15:41; output=/Volumes/导演们/荻上直子/厕所.Toilet.2010.DVDRip.XviD-MOC.mkv
DONE	/Volumes/导演们/多罗塔·肯杰尔扎沃斯卡/候鸟	completed 2026-06-10 14:16:06; output=/Volumes/导演们/多罗塔·肯杰尔扎沃斯卡/候鸟.Wrony.1994.mkv
DONE	/Volumes/导演们/多罗塔·肯杰尔扎沃斯卡/我是	completed 2026-06-10 14:16:54; output=/Volumes/导演们/多罗塔·肯杰尔扎沃斯卡/我是.Jestem.2005.DVDRip.XViD-DvF.mkv
DONE	/Volumes/导演们/多罗塔·肯杰尔扎沃斯卡/死期将至	completed 2026-06-10 14:17:44; output=/Volumes/导演们/多罗塔·肯杰尔扎沃斯卡/死期将至.Time.To.Die.2007.DVDRip.XviD-RESERVED.mkv
DONE	/Volumes/导演们/弗里茨·朗/夜澜人未静	completed 2026-06-10 14:18:18; output=/Volumes/导演们/弗里茨·朗/夜澜人未静.While.The.City.Sleeps.1956.mkv
DONE	/Volumes/导演们/弗里茨·朗/恶人牧场	completed 2026-06-10 14:18:51; output=/Volumes/导演们/弗里茨·朗/恶人牧场.Rancho.Notorious.1952.DVDRip.XviD-iMMORTALs.mkv
DONE	/Volumes/导演们/弗里茨·朗/慕理小镇(英字)	completed 2026-06-10 14:19:33; output=/Volumes/导演们/弗里茨·朗/慕理小镇.Moonfleet.1955.英字.mkv
DONE	/Volumes/导演们/罗伯托·罗西里尼/圣弗朗西斯之花	completed 2026-06-10 14:20:11; output=/Volumes/导演们/罗伯托·罗西里尼/圣弗朗西斯之花.Francesco.giullare.di.Dio.1950.mkv
DONE	/Volumes/导演们/罗伊·安德森/你还活着	completed 2026-06-10 14:20:55; output=/Volumes/导演们/罗伊·安德森/你还活着.Du.levande.2007.mkv
DONE	/Volumes/导演们/罗伊·安德森/羁旅情愫	completed 2026-06-10 14:21:41; output=/Volumes/导演们/罗伊·安德森/羁旅情愫.Giliap.1975.mkv
DONE	/Volumes/导演们/乔拉·赫兹/旧货店	completed 2026-06-10 14:22:34; output=/Volumes/导演们/乔拉·赫兹/旧货店.Sberné.surovosti.1965.mkv
DONE	/Volumes/导演们/乔拉·赫兹/去年夏天的甜蜜游戏	completed 2026-06-10 14:23:58; output=/Volumes/导演们/乔拉·赫兹/去年夏天的甜蜜游戏.Sladké.hry.minulého.léta.1970.mkv
DONE	/Volumes/导演们/乔拉·赫兹/油灯	completed 2026-06-10 14:25:34; output=/Volumes/导演们/乔拉·赫兹/油灯.Petrolejové.lampy.1971.mkv
DONE	/Volumes/导演们/乔拉·赫兹/再见吾爱	completed 2026-06-10 14:31:20; output=/Volumes/导演们/乔拉·赫兹/再见吾爱.Den.pro.mou.lásku.1976.mkv
DONE	/Volumes/导演们/乔拉·赫兹/甜蜜的麻烦	completed 2026-06-10 14:36:00; output=/Volumes/导演们/乔拉·赫兹/甜蜜的麻烦.Sladke.starosti.1984.mkv
DONE	/Volumes/导演们/让·维果/塔里斯	completed 2026-06-10 14:36:34; output=/Volumes/导演们/让·维果/(1931)˹ Jean Taris,Swimming Champion.mkv
DONE	/Volumes/导演们/让·维果/操行零分	completed 2026-06-10 14:37:20; output=/Volumes/导演们/让·维果/(1933) Zero For Conduct.mkv
DONE	/Volumes/导演们/让·维果/驳船亚特兰大号	completed 2026-06-10 14:37:57; output=/Volumes/导演们/让·维果/亚特兰大号.L.Atalante.1934.mkv
DONE	/Volumes/导演们/让·尤斯塔奇/下流故事	completed 2026-06-10 14:38:15; output=/Volumes/导演们/让·尤斯塔奇/下流故事.Jean.Eustache-Une.sale.histoire.1977.mkv
DONE	/Volumes/导演们/让·尤斯塔奇/我的小情人	completed 2026-07-16 16:38:04; output=/Volumes/导演们/让·尤斯塔奇/我的小情人.Mes.Petites.Amoureuses.(My.Little.Loves).1974.en.mkv
DONE	/Volumes/导演们/让·尤斯塔奇/甜蜜坏朋友	completed 2026-06-10 14:38:27; output=/Volumes/导演们/让·尤斯塔奇/甜蜜坏朋友.Les.mauvaises.fréquentations.1963.mkv
DONE	/Volumes/导演们/让·尤斯塔奇/蓝眼睛的圣诞老人	completed 2026-06-10 14:38:47; output=/Volumes/导演们/让·尤斯塔奇/蓝眼睛的圣诞老人.Le.Pere.Noel.a.Les.Yeux.Bleus.1966.mkv
DONE	/Volumes/导演们/让·尤斯塔奇/阿历克斯的照片	completed 2026-06-10 14:39:35; output=/Volumes/导演们/让·尤斯塔奇/阿历克斯的照片.Jean.Eustache.Short.Films.1963-1980.(Les.Mauvaises.frequentations.Le.Pere.Noel.a.les.yeux.bleus.Une.sale.histoire.Les.Photos.d.Alix).-.AUESS.mkv
DONE	/Volumes/导演们/约翰.休斯顿/死者(英字)	completed 2026-06-10 14:44:51; output=/Volumes/导演们/约翰.休斯顿/死者.The.Dead.1987.英字.mkv
DONE	/Volumes/导演们/约翰.休斯顿/夜阑人未静	completed 2026-06-10 14:51:43; output=/Volumes/导演们/约翰.休斯顿/夜阑人未静.The.Asphalt.Jungle.1950.CC.BDRip.X264.iNT-TLF.mkv
DONE	/Volumes/导演们/塚本晋也/铁男I：金属兽	completed 2026-06-10 14:52:49; output=/Volumes/导演们/塚本晋也/铁男I.金属兽.Tetsuo.1989.DVDRIP-Sumire.mkv
DONE	/Volumes/导演们/罗伯特·布列松/乡村牧师日记	completed 2026-06-10 14:54:48; output=/Volumes/导演们/罗伯特·布列松/乡村牧师日记.Diary.Of.A.Country.Priest.1951.DVDRip.XviD-FRAGMENT.mkv
DONE	/Volumes/导演们/罗伯特·布列松/可能是魔鬼	completed 2026-06-10 14:57:10; output=/Volumes/导演们/罗伯特·布列松/可能是魔鬼.Le.Diable.Probablement.1977.Robert.Bresson.mkv
DONE	/Volumes/导演们/罗伯特·布列松/圣女贞德的审判	completed 2026-06-10 14:59:39; output=/Volumes/导演们/罗伯特·布列松/圣女贞德的审判.Le.Procès.de.Jeanne.d.Arc.1962.(Robert.Bresson).DIVX.IT-Fr.mkv
DONE	/Volumes/导演们/罗伯特·布列松/梦想者四夜	completed 2026-06-10 15:01:57; output=/Volumes/导演们/罗伯特·布列松/一个梦想者的四个夜晚.Quatre.nuits.d.un.reveur.1971.mkv
DONE	/Volumes/导演们/罗伯特·布列松/武士兰士诺	completed 2026-06-10 15:02:58; output=/Volumes/导演们/罗伯特·布列松/湖上的兰斯洛.Robert.Bresson-Lancelot.du.Lac.1974.mkv
DONE	/Volumes/导演们/罗伯特·布列松/温柔女子	completed 2026-06-10 15:04:07; output=/Volumes/导演们/罗伯特·布列松/温柔女子.Robert.Bresson-Une.femme.douce.1969.mkv
DONE	/Volumes/导演们/罗伯特·布列松/罪恶天使	completed 2026-06-10 15:09:43; output=/Volumes/导演们/罗伯特·布列松/罪恶天使.Les.Anges.Du.Peche.1943.DVDrip.XVID.AC3-Rulle.mkv
DONE	/Volumes/导演们/罗伯特·布列松/钱	completed 2026-06-10 15:11:38; output=/Volumes/导演们/罗伯特·布列松/钱.Money.1983.DVDRip.XviD-NewMov.mkv
DONE	/Volumes/导演们/马丁·斯科塞斯/冷血霹雳火	completed 2026-06-10 15:12:49; output=/Volumes/导演们/马丁·斯科塞斯/冷血霹雳火.Boxcar.Bertha.1972.Martin.Scorsese.mkv
DONE	/Volumes/导演们/马丁·斯科塞斯/喜剧之王	completed 2026-06-10 15:20:22; output=/Volumes/导演们/马丁·斯科塞斯/喜剧之王.The.King.Of.Comedy.1983.XviD.AC3-WAF.mkv
DONE	/Volumes/导演们/玛琳·黛德丽[演员]/(1936)欲念 Desire	completed 2026-06-10 15:23:36; output=/Volumes/导演们/玛琳·黛德丽[演员]/欲念.Desire.1936.Frank.Borzage.Marlene.Dietrich.Gary.Cooper.DVDRip.XviD-iMMORTALs.mkv
DONE	/Volumes/导演们/玛琳·黛德丽[演员]/(1984)关于玛琳的二三事 Marlene	completed 2026-06-10 15:30:16; output=/Volumes/导演们/玛琳·黛德丽[演员]/关于玛琳的二三事.Maximilian.Schell.1984.Marlene.DVDRip.XViD.mkv
DONE	/Volumes/导演们/玛琳·黛德丽[演员]/Blonde Venus金发维纳斯	completed 2026-06-10 15:32:18; output=/Volumes/导演们/玛琳·黛德丽[演员]/金发维纳斯.Movie.Cary.Grant.1932.Blonde.Venus.-.Marlene.Dietrich.mkv
DONE	/Volumes/导演们/玛琳·黛德丽[演员]/Destry Rides Again碧血烟花	completed 2026-06-10 15:34:19; output=/Volumes/导演们/玛琳·黛德丽[演员]/碧血烟花.Destry.Rides.Again.1939.mkv
DONE	/Volumes/导演们/玛琳·黛德丽[演员]/Dishonored 羞辱	completed 2026-06-10 15:36:09; output=/Volumes/导演们/玛琳·黛德丽[演员]/羞辱.Dishonored.1931.DVDRip.XviD-SAiNTS.(ED2000.COM).mkv
DONE	/Volumes/导演们/玛琳·黛德丽[演员]/Manpower	completed; abandoned temp removed after script fix
DONE	/Volumes/导演们/玛琳·黛德丽[演员]/Seven Sinners七枭雄	completed; abandoned temp removed after script fix
DONE	/Volumes/导演们/玛琳·黛德丽[演员]/Shanghai Express上海快车	completed 2026-06-10 15:44:20; output=/Volumes/导演们/玛琳·黛德丽[演员]/上海快车.Shanghai.Express.1932.DVDRip.XviD-VoMiT.mkv
DONE	/Volumes/导演们/玛琳·黛德丽[演员]/The Devil Is a Woman魔鬼是女人	completed 2026-06-10 15:48:12; output=/Volumes/导演们/玛琳·黛德丽[演员]/魔鬼是女人.The.Devil.Is.A.Woman.1935.J.von.Sternberg.Marlene.Dietrich.mkv
FAILED	/Volumes/导演们/玛琳·黛德丽[演员]/The Garden of Allah阿拉的花园	subtitle decode produced replacement characters: /Volumes/导演们/玛琳·黛德丽[演员]/The Garden of Allah阿拉的花园/阿拉的花园.The.Garden.of.Allah.1936.Marlene.Dietricht.(.Eng-Span).srt
DONE	/Volumes/导演们/玛琳·黛德丽[演员]/The Song of Songs歌之歌	completed 2026-06-10 15:52:15; output=/Volumes/导演们/玛琳·黛德丽[演员]/歌之歌.The.Song.of.Songs.1933.mkv
DONE	/Volumes/导演们/玛琳·黛德丽[演员]/The Spoilers破坏者	completed 2026-07-16 16:43:32; output=/Volumes/导演们/玛琳·黛德丽[演员]/破坏者.The.Spoilers.1942.84mns.mkv
DONE	/Volumes/导演们/米哈依尔·卡拉托佐夫/未寄出的信	completed 2026-06-10 17:27:27; output=/Volumes/导演们/米哈依尔·卡拉托佐夫/未寄出的信.Letter.Never.Sent.1959.CC.BDRip.X264.iNT-TLF.mkv
DONE	/Volumes/导演们/莫森·玛克玛尔巴夫/万籁俱寂	completed 2026-06-10 17:27:56; output=/Volumes/导演们/莫森·玛克玛尔巴夫/万籁俱寂.Sokout.The.Silence.1998.Mohsen.Makhmalbaf.mkv
DONE	/Volumes/导演们/莫森·玛克玛尔巴夫/女人三部曲	completed 2026-06-10 17:28:26; output=/Volumes/导演们/莫森·玛克玛尔巴夫/女人三部曲.(Iranian).Roozi.ke.zan.shodam.-.The.Day.I.Became.a.Woman.2000.mkv
DONE	/Volumes/导演们/莫森·玛克玛尔巴夫/心灵印记	completed 2026-07-16 16:48:43; output=/Volumes/导演们/莫森·玛克玛尔巴夫/心灵印记.Scream.of.the.Ants.2006.ru6-en.mkv
DONE	/Volumes/导演们/莫森·玛克玛尔巴夫/电影万岁	completed 2026-06-10 17:29:02; output=/Volumes/导演们/莫森·玛克玛尔巴夫/电影万岁.salaam.cinema.1995.mkv
DONE	/Volumes/导演们/莫森·玛克玛尔巴夫/骑单车的人	completed 2026-06-10 17:29:38; output=/Volumes/导演们/莫森·玛克玛尔巴夫/骑单车的人.El.ciclista.(Bicycleran).1987.Irán.DVDRip.VOSE.mkv
DONE_REVIEW	/Volumes/导演们/琪拉·穆拉托娃/一事二了	output completed, but folder was not removed: /Volumes/导演们/琪拉·穆拉托娃/dva_v_odnom_DVDRip.mkv
DONE	/Volumes/导演们/琪拉·穆拉托娃/二等公民	completed 2026-06-10 17:35:28; output=/Volumes/导演们/琪拉·穆拉托娃/Второстепенные люди.mkv
DONE	/Volumes/导演们/琪拉·穆拉托娃/契科夫的主题	completed 2026-06-10 17:39:08; output=/Volumes/导演们/琪拉·穆拉托娃/Chehovskie.Motivy.mkv
DONE	/Volumes/导演们/琪拉·穆拉托娃/寄往美国的信	completed 2026-06-10 17:39:26; output=/Volumes/导演们/琪拉·穆拉托娃/寄往美国的信.Letter.to.America.1999.Kira.Muratova.mkv
DONE	/Volumes/导演们/琪拉·穆拉托娃/漫长的告别	completed 2026-06-10 17:43:01; output=/Volumes/导演们/琪拉·穆拉托娃/Dolgie_provodi.mkv
DONE	/Volumes/导演们/琪拉·穆拉托娃/萍水相逢	completed 2026-06-10 17:46:28; output=/Volumes/导演们/琪拉·穆拉托娃/Korotkie.vstrechi.(1967).DVDRip.mkv
DONE	/Volumes/导演们/琪拉·穆拉托娃/證明	completed 2026-06-10 17:46:55; output=/Volumes/导演们/琪拉·穆拉托娃/證明.Kira.Muratova.-.Spravka.2005.mkv
DONE	/Volumes/导演们/琪拉·穆拉托娃/鏡頭記錄：琪拉·穆拉托娃	completed 2026-06-10 17:47:40; output=/Volumes/导演们/琪拉·穆拉托娃/kira_[torrents.ru].mkv
DONE	/Volumes/导演们/让·吕克.戈达尔/东风	completed 2026-06-10 17:48:04; output=/Volumes/导演们/让·吕克.戈达尔/东风.Groupe.Dziga.Vertov.-.Le.vent.d'est.1970.mkv
FAILED	/Volumes/导演们/让·吕克.戈达尔/当戈达尔遇到伍迪艾伦	subtitle encoding detection failed: /Volumes/导演们/让·吕克.戈达尔/当戈达尔遇到伍迪艾伦/当戈达尔遇到伍迪艾伦.Meeting.Woody.Allen.1986.chs.srt :: 
DONE	/Volumes/导演们/让·吕克.戈达尔/德国玖零	completed 2026-06-10 17:48:28; output=/Volumes/导演们/让·吕克.戈达尔/德国玖零.1991.Allemagne.90.Neuf.Zero.mkv
DONE	/Volumes/导演们/让·吕克.戈达尔/致弗瑞迪‧比阿许的信	completed 2026-06-10 17:48:45; output=/Volumes/导演们/让·吕克.戈达尔/致弗瑞迪.比阿许的信.Lettre.a.Freddy.Buache.1982.mkv
DONE	/Volumes/导演们/让·吕克.戈达尔/高達神曲	completed 2026-06-10 17:49:10; output=/Volumes/导演们/让·吕克.戈达尔/高達神曲.Notre.Musique.2004.mkv
DONE	/Volumes/导演们/阿基·考里斯马基/列宁格勒牛仔遇见摩西	completed 2026-06-10 17:49:38; output=/Volumes/导演们/阿基·考里斯马基/列宁格勒牛仔遇见摩西.Leningrad.Cowboys.Meet.Moses.1994.iNTERNAL.DVDRip.XviD-iLS.mkv
DONE	/Volumes/导演们/阿基·考里斯马基/尤哈	completed 2026-06-10 17:50:00; output=/Volumes/导演们/阿基·考里斯马基/尤哈.Juha.1999.mkv
DONE	/Volumes/导演们/阿基·考里斯马基/我聘请了职业杀手	completed 2026-06-10 17:50:33; output=/Volumes/导演们/阿基·考里斯马基/我聘请了职业杀手.I.Hired.a.Contract.Killer.1990.mkv
DONE	/Volumes/导演们/阿基·考里斯马基/浮云世事	completed 2026-06-10 17:51:12; output=/Volumes/导演们/阿基·考里斯马基/浮云世事.Drifting.Clouds.1996.mkv
DONE	/Volumes/导演们/阿莫多瓦/我的秘密之花	completed 2026-06-10 17:51:56; output=/Volumes/导演们/阿莫多瓦/我的秘密之花.Pedro.Almodovar.1995.La.Flor.De.Mi.Secreto.(Spanish).(Lpnz).mkv
DONE	/Volumes/导演们/阿莫多瓦/空乘情人	completed 2026-06-10 17:55:14; output=/Volumes/导演们/阿莫多瓦/空乘情人.I'm.So.Excited.2013.BluRay.720p.x264.AC3.iNT-TLF.mkv
DONE	/Volumes/导演们/阿涅斯·瓦尔达/(1958)走近蓝色海岸 Du côté de la côte	completed 2026-06-10 17:55:45; output=/Volumes/导演们/阿涅斯·瓦尔达/走近蓝色海岸.Du.Cote.De.La.Cote.1958.DVDRip.mkv
DONE	/Volumes/导演们/阿涅斯·瓦尔达/(2002)艾格妮捡风景：两年后 Les glaneurs et la glaneuse... deux ans après	completed 2026-06-10 17:56:10; output=/Volumes/导演们/阿涅斯·瓦尔达/艾格妮捡风景两年后.Les.Glaneurs.et.la.glaneuse.deux.ans.apres.2002.Agnes.Varda.mkv
DONE	/Volumes/导演们/阿涅斯·瓦尔达/(2003)飞逝的狮子 Le lion volatil	completed 2026-06-10 17:56:14; output=/Volumes/导演们/阿涅斯·瓦尔达/飞逝的狮子.Le.lion.volatil.2003.Agnes.Varda.mkv
DONE	/Volumes/导演们/阿涅斯·瓦尔达/三颗纽扣	completed 2026-06-10 17:56:20; output=/Volumes/导演们/阿涅斯·瓦尔达/Les.3.boutons.2015.三颗纽扣.中文字幕(自带英文硬字).1024x576.VP9-DMR.mkv
DONE	/Volumes/导演们/阿涅斯·瓦尔达/创造物	completed 2026-06-10 17:56:46; output=/Volumes/导演们/阿涅斯·瓦尔达/创造物.Les.Créatures.1966.mkv
DONE	/Volumes/导演们/达内兄弟/孩子	completed 2026-06-10 17:57:14; output=/Volumes/导演们/达内兄弟/孩子.The.Child.2005.LiMiTED.DVDRiP.XviD-HLS.mkv
DONE	/Volumes/导演们/达内兄弟/年轻的阿迈德	completed 2026-06-10 17:59:25; output=/Volumes/导演们/达内兄弟/年轻的阿迈德.Young.Ahmed.2019.BDRip.X264.iNT-TLF.Chinese.mkv
FAILED	/Volumes/导演们/达内兄弟/他人之子	verification failed: Chinese subtitle track 2 has no CJK characters
DONE	/Volumes/导演们/莱妮·里芬斯塔尔/意志的胜利	completed 2026-06-10 19:24:07; output=/Volumes/导演们/莱妮·里芬斯塔尔/意志的胜利.Leni.Riefenstahl.-.Triumph.des.Willens.1934.Sub.English.DVD.mkv
DONE	/Volumes/导演们/雷德利·斯科特/古驰家族	completed 2026-06-10 19:27:56; output=/Volumes/导演们/雷德利·斯科特/古驰家族.House.of.Gucci.2021.BDRip.X264.iNT-TLF.mkv
DONE_REVIEW	/Volumes/导演们/雷德利·斯科特/银翼杀手	output completed, but folder was not removed: /Volumes/导演们/雷德利·斯科特/银翼杀手.Blade.Runner.1982.Final.Cut.BDRip.X264.iNT-TLF.mkv
DONE	/Volumes/导演们/路易斯·布努埃尔/卫兵！警戒！	completed 2026-06-10 19:32:56; output=/Volumes/导演们/路易斯·布努埃尔/卫兵！警戒！.Guard.Alert.1937.DVDRip.XviD-MOC.mkv
DONE	/Volumes/导演们/路易斯·布努埃尔/在这所花园中死去	completed 2026-06-10 19:34:20; output=/Volumes/导演们/路易斯·布努埃尔/在这所花园中死去.La.Mort.En.Ce.Jardin.1956.mkv
DONE	/Volumes/导演们/路易斯·布努埃尔/大赌场	completed 2026-06-10 19:38:47; output=/Volumes/导演们/路易斯·布努埃尔/大赌场.Gran.Casino.1947.mkv
DONE	/Volumes/导演们/路易斯·布努埃尔/少女	completed 2026-06-10 19:43:54; output=/Volumes/导演们/路易斯·布努埃尔/少女.The.Young.One.1960.mkv
DONE	/Volumes/导演们/路易斯·布努埃尔/特丽丝塔娜	completed 2026-06-10 19:44:48; output=/Volumes/导演们/路易斯·布努埃尔/特丽丝塔娜.Tristana.1970.Luis.Bunuel.mkv
DONE	/Volumes/导演们/路易斯·布努埃尔/电车上的幻觉	completed 2026-06-10 19:45:28; output=/Volumes/导演们/路易斯·布努埃尔/电车上的幻觉.La.Ilusión.viaja.en.tranvía.DVDRip.DivX.by.MakingOff.Org.mkv
DONE	/Volumes/导演们/路易斯·布努埃尔/自由的魅影	completed 2026-06-10 19:46:23; output=/Volumes/导演们/路易斯·布努埃尔/自由的魅影.Le.Fantome.de.la.liberte.1974.mkv
DONE	/Volumes/导演们/路易斯·布努埃尔/苏珊娜	completed 2026-06-10 19:47:09; output=/Volumes/导演们/路易斯·布努埃尔/苏珊娜.Susana.1951.Vhs.Divx511.mkv
DONE	/Volumes/导演们/路易斯·布努埃尔/诈欺师的女儿	completed 2026-06-10 19:50:58; output=/Volumes/导演们/路易斯·布努埃尔/诈欺师的女儿.La.Hija.del.Engano.1951.mkv
DONE	/Volumes/导演们/路易斯·布努埃尔/白日美人	completed 2026-06-10 19:54:51; output=/Volumes/导演们/路易斯·布努埃尔/白日美人.Belle.de.jour.1967.CC.BDRip.X264.iNT-TLF.mkv
DONE	/Volumes/导演们/罗伯特·奥尔特曼/三女性	completed 2026-06-10 19:58:07; output=/Volumes/导演们/罗伯特·奥尔特曼/三女人.3.Women.1977.DVDrip.XviD.AC3.iNT-alaundo.mkv
DONE	/Volumes/导演们/罗伯特·奥尔特曼/凡高与提奥	completed 2026-06-10 19:58:54; output=/Volumes/导演们/罗伯特·奥尔特曼/凡高与提奥.Robert.Altman.1990.Vincent.&.Theo.mkv
DONE	/Volumes/导演们/罗伯特·奥尔特曼/北极光	completed 2026-06-10 20:00:33; output=/Volumes/导演们/罗伯特·奥尔特曼/北极光.Streamers.1983.mkv
DONE	/Volumes/导演们/罗伯特·奥尔特曼/花村	completed 2026-06-10 20:01:02; output=/Volumes/导演们/罗伯特·奥尔特曼/花村.McCabe.and.Mrs.Miller.1971.muxed.mkv
DONE_REVIEW	/Volumes/导演们/罗伯特·奥尔特曼/银色_性_男女	mkvmerge warned about skipped invalid media data; review audio/video sync before deleting source; output=/Volumes/导演们/罗伯特·奥尔特曼/银色.性.男女.Short.Cuts.1993.DVDrip.XviD.AC3.iNT-alaundo.mkv
DONE	/Volumes/导演们/马基德·马基迪/父亲	completed 2026-06-10 20:01:56; output=/Volumes/导演们/马基德·马基迪/父亲.Pedar.1996.Majid.Majidi.mkv
DONE	/Volumes/导演们/马基德·马基迪/风吹柳树静	completed 2026-06-10 20:02:52; output=/Volumes/导演们/马基德·马基迪/风吹柳树静.Willow.Tree.Majid.Majidi.2005.DVDRip.HabibDVD.mkv
DONE	/Volumes/导演们/马克斯·奥菲尔斯/Komedie om geld	completed 2026-06-10 20:03:19; output=/Volumes/导演们/马克斯·奥菲尔斯/Komedie.om.Geld.1936.Ophuls.mkv
DONE	/Volumes/导演们/马克斯·奥菲尔斯/众人之妻	completed 2026-06-10 20:04:01; output=/Volumes/导演们/马克斯·奥菲尔斯/众人之妻.La.Signora.di.Tutti.1934.mkv
DONE	/Volumes/导演们/马克斯·奥菲尔斯/大笑的继承人	completed 2026-06-10 20:04:25; output=/Volumes/导演们/马克斯·奥菲尔斯/大笑的继承人.Lachende.Erben.1933.mkv
DONE	/Volumes/导演们/马克斯·奥菲尔斯/没有明天	completed 2026-06-10 20:04:51; output=/Volumes/导演们/马克斯·奥菲尔斯/没有明天.Sans.lendemain.1939.mkv
DONE	/Volumes/导演们/马克斯·奥菲尔斯/温柔的敌人	completed 2026-06-10 20:05:18; output=/Volumes/导演们/马克斯·奥菲尔斯/温柔的敌人.La.Tendre.Ennemie.1936.Max.Ophuls.mkv
DONE	/Volumes/导演们/马克斯·奥菲尔斯/维特	completed 2026-06-10 20:05:49; output=/Volumes/导演们/马克斯·奥菲尔斯/维特.Le.Roman.de.Werther.1938.mkv
DONE	/Volumes/导演们/米洛斯·福尔曼/逃家	completed 2026-06-10 20:06:35; output=/Volumes/导演们/米洛斯·福尔曼/逃家.Taking.Off.1971.DVDRip.XviD-SCHWEiK.mkv
DONE	/Volumes/导演们/米洛斯·福尔曼/黑彼得	completed 2026-07-16 16:56:07; output=/Volumes/导演们/米洛斯·福尔曼/黑彼得.Cerny.Petr.1964.Milos.Forman.mkv
DONE	/Volumes/导演们/约翰·卡萨维茨/明妮与莫斯科威兹	completed 2026-06-10 20:07:15; output=/Volumes/导演们/约翰·卡萨维茨/明妮与莫斯科威兹.Minnie.and.Moskowitz.1971.DVDRip.XviD.AC3.mkv
DONE	/Volumes/导演们/阿彼察邦·韦拉斯哈古/恋爱症候群	completed 2026-06-10 20:08:09; output=/Volumes/导演们/阿彼察邦·韦拉斯哈古/恋爱症候群.Syndromes.And.A.Century.2006.DVDRip.XviD-AsiSter.mkv
DONE	/Volumes/导演们/阿彼察邦·韦拉斯哈古/祝福	completed 2026-06-10 20:08:48; output=/Volumes/导演们/阿彼察邦·韦拉斯哈古/祝福.Apichatpong.Weerasethakul.-.Sud.Sanaeha.(Blissfully.Yours).2002.(1).mkv
DONE	/Volumes/导演们/河濑直美/万华镜	completed 2026-06-10 20:09:13; output=/Volumes/导演们/河濑直美/万华镜.Naomi.Kawase-Manguekyo.(.Kaleidoscope.).1999.mkv
DONE	/Volumes/导演们/河濑直美/太阳西斜	completed 2026-06-10 20:09:39; output=/Volumes/导演们/河濑直美/太阳西斜.Naomi.Kawase-Hi.wa.Katabuki.(.Sun.on.the.Horizon.).1996.mkv
DONE	/Volumes/导演们/法斯宾德/卡斯特婆婆升天记	completed 2026-06-10 20:10:13; output=/Volumes/导演们/法斯宾德/卡斯特婆婆升天记.Mutter.Kusters.Fahrt.zum.Himmel.1975.mkv
DONE	/Volumes/导演们/杰兹·斯科利莫夫斯基/情色	completed 2026-06-10 20:10:16; output=/Volumes/导演们/杰兹·斯科利莫夫斯基/情色.Erotyk.1960.aka.Erotique.mkv
FAILED	/Volumes/导演们/杰兹·斯科利莫夫斯基/栅栏	subtitle encoding detection failed: /Volumes/导演们/杰兹·斯科利莫夫斯基/栅栏/栅栏.Bariera.1966.chs.srt :: 
DONE	/Volumes/导演们/杰兹·斯科利莫夫斯基/要钱还是要命	completed 2026-06-10 20:10:20; output=/Volumes/导演们/杰兹·斯科利莫夫斯基/要钱还是要命.Jerzy.Skolimowski.-.Pieniadze.albo.zycie.1961.chs.mkv
DONE	/Volumes/导演们/杰兹·斯科利莫夫斯基/轻取	completed 2026-06-10 20:10:40; output=/Volumes/导演们/杰兹·斯科利莫夫斯基/轻取.1965.Walkower.mkv
DONE	/Volumes/导演们/迈克·李/Nuts in May	completed 2026-06-10 20:18:10; output=/Volumes/导演们/迈克·李/Nuts.In.May.1976.Dual.Audio.mkv
DONE	/Volumes/导演们/萨姆·佩金帕/Junior Bonner	completed 2026-06-10 20:19:02; output=/Volumes/导演们/萨姆·佩金帕/Junior.Bonner.1972.DVDRip.XviD.mkv
DONE	/Volumes/导演们/萨姆·佩金帕/大车队	completed 2026-06-10 20:20:03; output=/Volumes/导演们/萨姆·佩金帕/大车队.Convoy.1978.DVDRip.XviD-MzPro.mkv
DONE	/Volumes/导演们/萨姆·佩金帕/杀手精英	completed 2026-06-10 20:21:26; output=/Volumes/导演们/萨姆·佩金帕/杀手精英.The.Killer.Elite.1975.DVDRip.XviD.mkv
DONE	/Volumes/导演们/施隆多夫/肉体的代价	completed 2026-06-10 20:22:19; output=/Volumes/导演们/施隆多夫/嘉芙莲娜的故事.The.Lost.Honor.of.Katharina.Blum.1975.DivX3LM.mkv
DONE	/Volumes/导演们/斯蒂芬·乌赫尔/(1965)风琴 Organ	completed 2026-07-16 16:57:55; output=/Volumes/导演们/斯蒂芬·乌赫尔/风琴.Organ.1965.DVDRip.mkv
DONE	/Volumes/导演们/斯蒂芬·乌赫尔/(1967)创造奇迹的女人	completed 2026-06-10 20:24:02; output=/Volumes/导演们/斯蒂芬·乌赫尔/非凡的处女Panna zazracnica.1967.DVDRip.X.mkv
DONE	/Volumes/导演们/斯蒂芬·乌赫尔/(1972)我要是有了枪 Keby som mal pusku	completed 2026-06-10 20:26:13; output=/Volumes/导演们/斯蒂芬·乌赫尔/我要是有了枪.keby.som.mal-pusku.1971.dvdrip.xvid.ac3.sk.mkv
DONE	/Volumes/导演们/斯蒂芬·乌赫尔/(1982)母女情深 She Kept Asking for the Moon	completed 2026-06-10 20:28:10; output=/Volumes/导演们/斯蒂芬·乌赫尔/母女情深.Pasla.kone.na.betone.1982.SK.by-skinet.mkv
FAILED	/Volumes/导演们/斯蒂芬·乌赫尔/网中的太阳	subtitle decode produced replacement characters: /Volumes/导演们/斯蒂芬·乌赫尔/网中的太阳/网中的太阳.Slnko.v.sieti.1962.srt
DONE	/Volumes/导演们/斯特劳布于勒夫妇/洛林	completed 2026-06-10 20:28:18; output=/Volumes/导演们/斯特劳布于勒夫妇/洛林.Danièle.Huillet.&.Jean-Marie.Straub.-.Lothringen!.1994.mkv
FAILED	/Volumes/导演们/斯特劳布于勒夫妇/索福克勒斯的安提戈涅	mkvmerge failed with exit code 2
DONE	/Volumes/导演们/特伦斯·戴维斯/漫长的一天结束了	completed 2026-06-10 20:56:22; output=/Volumes/导演们/特伦斯·戴维斯/漫长的一天结束了.The.Long.Day.Closes.1992.WS.DVDRip.XViD.iNT-EwDp.NO-RAR.mkv
FAILED	/Volumes/导演们/维拉·希蒂洛娃/(1970)天堂禁果 Ovoce stromu rajských jíme	subtitle encoding detection failed: /Volumes/导演们/维拉·希蒂洛娃/(1970)天堂禁果 Ovoce stromu rajských jíme/Fruit.of.paradise.ES.srt :: 
FAILED	/Volumes/导演们/维拉·希蒂洛娃/(1979)预制板的故事 Panelstory aneb Jak se rodí sídliste	mkvmerge failed with exit code 2
DONE	/Volumes/导演们/维拉·希蒂洛娃/(1993)Dedictví aneb Kurvahosigutntag	completed 2026-06-10 22:13:12; output=/Volumes/导演们/维拉·希蒂洛娃/Dedictvi.aneb.Kurvahosigutntag.1992.mkv
DONE	/Volumes/导演们/维拉·希蒂洛娃/愉快时刻	completed 2026-06-10 22:16:24; output=/Volumes/导演们/维拉·希蒂洛娃/愉快时刻.Hezké.chvilky.bez.záruky.2006.mkv
FAILED	/Volumes/导演们/阿贝尔·冈斯/拿破仑	mkvmerge failed with exit code 2
DONE	/Volumes/导演们/贝拉·塔尔/旷野旅程	completed 2026-06-11 14:16:27; output=/Volumes/导演们/贝拉·塔尔/旷野旅程.Journey.on.the.Plain.1995.mkv
DONE	/Volumes/导演们/贝特朗·布里叶/你不配她	completed 2026-06-11 14:18:03; output=/Volumes/导演们/贝特朗·布里叶/你不配她.Trop.belle.pour.toi.1989.mkv
DONE	/Volumes/导演们/贝特朗·布里叶/欲望街情人	completed 2026-06-11 14:18:55; output=/Volumes/导演们/贝特朗·布里叶/欲望街情人.Mon.Homme.1996.DVDRip.XviD.mkv
DONE	/Volumes/导演们/贝特朗·布里叶/致命的女性	completed 2026-06-11 14:22:26; output=/Volumes/导演们/贝特朗·布里叶/致命的女性.Calmos.1976.DVDRip.XviD.mkv
DONE	/Volumes/导演们/贝特朗·布里叶/远行他方	completed 2026-06-11 14:23:34; output=/Volumes/导演们/贝特朗·布里叶/远行他方.Les.Valseuses.1974.FRENCH.DVDRip.mkv
DONE	/Volumes/导演们/波·维德伯格/今生今世	completed 2026-07-16 16:58:50; output=/Volumes/导演们/波·维德伯格/今生今世.Elvira.Madigan.1967.DivX.AC3.mkv
DONE	/Volumes/导演们/波·维德伯格/满城风雨	completed 2026-06-11 14:24:08; output=/Volumes/导演们/波·维德伯格/满城风雨.Bo.Widerberg.-.Mannen.på.taket.1976.mkv
DONE	/Volumes/导演们/达米彦·奥图/死前戏	completed 2026-06-11 14:24:34; output=/Volumes/导演们/达米彦·奥图/死前戏.En.Attendant.Le.Deluge.2004.FRENCH.DVDRiP.XviD-FeLiX.mkv
DONE	/Volumes/导演们/达米彦·奥图/理查德·奥的历史	completed 2026-06-11 14:24:58; output=/Volumes/导演们/达米彦·奥图/理查德·奥的历史.L.Histoire.de.Richard.O.2007.mkv
DONE	/Volumes/导演们/达米彦·奥图/致命的过错	completed 2026-06-11 14:25:31; output=/Volumes/导演们/达米彦·奥图/致命的过错.Errance.2003.DivX.DVDRip.700MB.mkv
DONE	/Volumes/导演们/法兰提塞·维拉席/(1962)魔鬼的陷阱 Dáblova past	completed 2026-06-11 14:28:13; output=/Volumes/导演们/法兰提塞·维拉席/魔鬼的陷阱.Dablova.past.1962.AC3.DVDRip.cz.mkv
DONE	/Volumes/导演们/法兰提塞·维拉席/(1976)Dým bramborové nate	completed 2026-06-11 14:31:37; output=/Volumes/导演们/法兰提塞·维拉席/Dym.bramborove.nate.1976.mkv
DONE	/Volumes/导演们/法兰提塞·维拉席/(1978)炎夏陰影 Stíny horkého léta	completed 2026-06-11 14:33:26; output=/Volumes/导演们/法兰提塞·维拉席/炎夏陰影.Stiny-horkeho-leta.1977.DVDRip-XviD-cz.mkv
DONE	/Volumes/导演们/法兰提塞·维拉席/(1980)Koncert na konci léta	completed 2026-06-11 14:35:02; output=/Volumes/导演们/法兰提塞·维拉席/Koncert.na.konci.leta.1979.TV-rip.mkv
DONE	/Volumes/导演们/法兰提塞·维拉席/(1984)Stín kapradiny	completed 2026-06-11 14:36:49; output=/Volumes/导演们/法兰提塞·维拉席/Stin.kapradiny.1985.cesky-film.mkv
DONE	/Volumes/导演们/菲利普·加瑞尔/处女的床	completed 2026-06-11 14:37:16; output=/Volumes/导演们/菲利普·加瑞尔/处女的床.Le.lit.de.la.vierge.1969.mkv
DONE	/Volumes/导演们/菲利普·加瑞尔/我再也听不见吉他声	completed 2026-06-11 14:37:43; output=/Volumes/导演们/菲利普·加瑞尔/我再也听不见吉他声.J.entends.Plus.La.Guitare.1991.DVDRip.XviD-MOC.mkv
DONE	/Volumes/导演们/菲利普·加瑞尔/自由，夜	completed 2026-06-11 14:43:20; output=/Volumes/导演们/菲利普·加瑞尔/自由，夜.Liberte.la.nuit.1984.mkv
DONE	/Volumes/导演们/霍华德·霍克斯/疤面人	completed 2026-06-11 14:46:51; output=/Volumes/导演们/霍华德·霍克斯/疤面人.Scarface.1932.mkv
DONE	/Volumes/导演们/霍华德·霍克斯/育婴奇谭	completed 2026-06-11 14:47:48; output=/Volumes/导演们/霍华德·霍克斯/育婴奇谭.Bringing.Up.Baby.1938.iNTERNA.mkv
DONE	/Volumes/导演们/霍华德·霍克斯/逃亡	completed 2026-06-11 14:48:33; output=/Volumes/导演们/霍华德·霍克斯/逃亡.To.Have.and.Have.Not.1944.DVDRip-FZB.mkv
FAILED	/Volumes/导演们/莫尼切利/大战争	verification failed: Chinese subtitle track 4 has no CJK characters
DONE	/Volumes/导演们/筱田正浩/暗杀	completed 2026-06-11 17:46:30; output=/Volumes/导演们/筱田正浩/暗杀.Ansatsu.1964.DVDrip.AC3.Jose.El.Luzu.Allzine.mkv
DONE	/Volumes/导演们/阿莱克斯·德拉·伊格来希亚/伤心小号曲	completed 2026-07-16 17:03:01; output=/Volumes/导演们/阿莱克斯·德拉·伊格来希亚/伤心小号曲.Balada.triste.de.trompeta.2010.BDRip.x264.AC3-Zoo.mkv
DONE	/Volumes/导演们/阿莱克斯·德拉·伊格来希亚/公共财产	completed 2026-06-11 17:47:09; output=/Volumes/导演们/阿莱克斯·德拉·伊格来希亚/公共财产.La.Comunidad.2000.DVDRip.DivX3LM.mkv
DONE	/Volumes/导演们/阿莱克斯·德拉·伊格来希亚/婴儿房	completed 2026-06-11 17:47:53; output=/Volumes/导演们/阿莱克斯·德拉·伊格来希亚/婴儿房.The.Babys.Room.2006.DUBBED.DVDRip.XviD-FiCO.mkv
DONE	/Volumes/导演们/阿莱克斯·德拉·伊格来希亚/完美犯罪	completed 2026-06-11 17:48:43; output=/Volumes/导演们/阿莱克斯·德拉·伊格来希亚/完美犯罪.Crimen.Ferpecto.2004.DVDRip.XviD-DXO.mkv
DONE	/Volumes/导演们/阿莱克斯·德拉·伊格来希亚/牛津杀手	completed 2026-06-11 17:50:23; output=/Volumes/导演们/阿莱克斯·德拉·伊格来希亚/牛津杀手.The.Oxford.Murders.2008.BDRip.X264-TLF.mkv
DONE	/Volumes/导演们/阿莱克斯·德拉·伊格来希亚/美年达杀人狂	completed 2026-06-11 17:50:27; output=/Volumes/导演们/阿莱克斯·德拉·伊格来希亚/美年达杀人狂.Mirindas.Asesinas.1991.DviX5-MP3.mkv
DONE	/Volumes/导演们/阿莱克斯·德拉·伊格来希亚/野兽之日	completed 2026-06-11 17:50:57; output=/Volumes/导演们/阿莱克斯·德拉·伊格来希亚/野兽之日.The.Day.of.the.Beast.1995.DVDRip.XviD-AGX.mkv
DONE	/Volumes/导演们/阿莱克斯·德拉·伊格来希亚/铁面战警	completed 2026-06-11 17:55:39; output=/Volumes/导演们/阿莱克斯·德拉·伊格来希亚/铁面战警.Acción.Mutante.1992.DVDRip.XviD.AC3-MCMLXXXVIII.mkv
DONE	/Volumes/导演们/阿兰·卡瓦利埃/Le Filmeur	completed 2026-06-11 17:56:06; output=/Volumes/导演们/阿兰·卡瓦利埃/Le.Filmeur.2005.mkv
DONE	/Volumes/导演们/阿兰·卡瓦利埃/小岛上的决斗	completed 2026-06-11 17:56:35; output=/Volumes/导演们/阿兰·卡瓦利埃/小岛上的决斗.Le.Combat.dans.l.ile.1962.mkv
FAILED	/Volumes/导演们/阿兰·卡瓦利埃/狂乱	subtitle decode produced replacement characters: /Volumes/导演们/阿兰·卡瓦利埃/狂乱/狂乱.La.Chamade.1968.srt
DONE	/Volumes/导演们/阿历克塞·巴拉巴诺夫/不疼	completed 2026-06-11 17:59:17; output=/Volumes/导演们/阿历克塞·巴拉巴诺夫/不疼.Mne.Ne.Bolno.(Aleksei.Balabanov).2006.mkv
DONE	/Volumes/导演们/阿历克塞·巴拉巴诺夫/战俘计划	completed 2026-06-11 17:59:52; output=/Volumes/导演们/阿历克塞·巴拉巴诺夫/战俘计划.Voyna.2002.Dvdrip.Divx.Rus.Drivemad.mkv
DONE	/Volumes/导演们/阿历克塞·巴拉巴诺夫/河流	completed 2026-06-11 18:00:11; output=/Volumes/导演们/阿历克塞·巴拉巴诺夫/河流.Reka.2002.Aleksei.Balabanov.mkv
FAILED	/Volumes/导演们/阿历克塞·巴拉巴诺夫/锅炉工	subtitle encoding detection failed: /Volumes/导演们/阿历克塞·巴拉巴诺夫/锅炉工/锅炉工.Kochegar.2010.XviD.DVDRip.chs.2.srt :: 
DONE	/Volumes/导演们/阿历克塞·巴拉巴诺夫/黑色海洛因	completed 2026-06-11 18:00:46; output=/Volumes/导演们/阿历克塞·巴拉巴诺夫/黑色海洛因.Blind.Mans.Bluff.2005.mkv
DONE	/Volumes/导演们/刘别谦/有声片/蓝胡子的第八任妻子	completed 2026-06-11 18:01:13; output=/Volumes/导演们/刘别谦/有声片/蓝胡子的第八任妻子.Bluebeards.Eighth.Wife.1938.FS.DVDRip.XviD.mkv
FAILED	/Volumes/导演们/刘别谦/有声片/街角的商店	unexpected files found in /Volumes/导演们/刘别谦/有声片/街角的商店
DONE	/Volumes/导演们/刘别谦/默片/罗密欧与朱丽叶	completed 2026-06-11 18:01:42; output=/Volumes/导演们/刘别谦/默片/罗密欧与朱丽叶.Romeo.und.Julia.im.Schnee.1920.mkv
DONE	/Volumes/导演们/梅尔维尔/可怕的孩子们	completed 2026-07-16 17:04:04; output=/Volumes/导演们/梅尔维尔/可怕的孩子们.Les.Enfants.Terribles.1950.mkv
DONE	/Volumes/导演们/佩德罗·科斯塔/我们的人	completed 2026-06-11 18:02:56; output=/Volumes/导演们/佩德罗·科斯塔/我们的人.O.Nosso.Homem.2010.mkv
DONE	/Volumes/导演们/佩德罗·科斯塔/落入俗世	completed 2026-06-11 18:04:43; output=/Volumes/导演们/佩德罗·科斯塔/落入俗世.Casa.de.Lava.1995.DVDRip.XviD-Pedro.Costa.mkv
DONE	/Volumes/导演们/朱拉·亚库比斯克/(1977)红十字的鼓手 Bubeník Cerveného kríza	completed 2026-06-11 18:04:59; output=/Volumes/导演们/朱拉·亚库比斯克/红十字的鼓手.Bubenik.Cerveneho.kriza.1977.mkv
FAILED	/Volumes/导演们/朱拉·亚库比斯克/(1980)家屋的梦想 Postav dom, zasad strom	subtitle decode produced replacement characters: /Volumes/导演们/朱拉·亚库比斯克/(1980)家屋的梦想 Postav dom, zasad strom/POSTAV.DOM.ZASAD.STROM.SCN.Title1.DVDRip.srt
DONE	/Volumes/导演们/朱拉·亚库比斯克/(2004)做爱后动物感伤 Post coitum	completed 2026-07-16 17:06:41; output=/Volumes/导演们/朱拉·亚库比斯克/做爱后动物感伤.Post.coitum.2004.DVD.Title1.DVDRip.mkv
DONE	/Volumes/导演们/朱拉·亚库比斯克/关于世界末日的不明确报告	completed 2026-06-11 18:07:45; output=/Volumes/导演们/朱拉·亚库比斯克/关于世界末日的不明确报告.Nejasna.zprava.o.konci.sveta.1997.NEJASNA.SPRAVA.O-01.mkv
DONE	/Volumes/导演们/朱拉·亚库比斯克/诺娜和埃斯特	completed 2026-06-11 18:08:15; output=/Volumes/导演们/朱拉·亚库比斯克/诺娜和埃斯特.Lepsie.Byt.Bohaty.A.Zdravy.Ako.Chudobny.A.Chory.1993.Juraj.Jakubisko.mkv
DONE	/Volumes/导演们/朱拉·亚库比斯克/至关紧要的岁月	completed 2026-06-11 18:10:02; output=/Volumes/导演们/朱拉·亚库比斯克/至关紧要的岁月.Kristove.roky.1967.mkv
DONE	/Volumes/导演们/朱拉·亚库比斯克/小雀斑马克斯与幽灵们	completed 2026-06-11 18:11:36; output=/Volumes/导演们/朱拉·亚库比斯克/小雀斑马克斯与幽灵们.Pehavý.Max.a.strašidlá.1987.mkv
DONE	/Volumes/导演们/安德烈·塔尔科夫斯基/今天不离去	completed 2026-06-11 18:12:03; output=/Volumes/导演们/安德烈·塔尔科夫斯基/今天不离去.Segodnya.Uvolneniya.Ne.Budet.1959.mkv
FAILED	/Volumes/导演们/安德烈·塔尔科夫斯基/塔尔科夫斯基《岛》	subtitle encoding detection failed: /Volumes/导演们/安德烈·塔尔科夫斯基/塔尔科夫斯基《岛》/岛.Andrei.Tarkovsky.Sergei.Parajanov.-.Islands.chs.srt :: 
DONE	/Volumes/导演们/奥德里奇·利普斯基/(1972)Slamený klobouk	completed 2026-06-11 18:13:43; output=/Volumes/导演们/奥德里奇·利普斯基/Slameny.klobouk.1972.mkv
DONE	/Volumes/导演们/奥德里奇·利普斯基/(1974)Jáchyme, hod ho do stroje!	completed 2026-06-11 18:15:07; output=/Volumes/导演们/奥德里奇·利普斯基/Jachyme.hod.ho.do.stroje.1974.dvdrip.xvid.cz-ups.mkv
DONE	/Volumes/导演们/奥德里奇·利普斯基/(1976)Marecku, podejte mi pero!	completed 2026-06-11 18:16:46; output=/Volumes/导演们/奥德里奇·利普斯基/Marecku.podejte.mi.pero.1976.DVDRip.cz.mkv
DONE	/Volumes/导演们/奥德里奇·利普斯基/(1977)幽灵万岁 At zijí duchové	completed 2026-06-11 18:18:26; output=/Volumes/导演们/奥德里奇·利普斯基/幽灵万岁.At-ziji-duchove-.1977.arc.mkv
DONE	/Volumes/导演们/奥德里奇·利普斯基/(1983)Srdecny pozdrav ze zemekoule	completed 2026-06-11 18:19:50; output=/Volumes/导演们/奥德里奇·利普斯基/Srdecny.pozdrav.ze.zemekoule.1982.DVD-rip.mkv
DONE	/Volumes/导演们/奥德里奇·利普斯基/干掉四个就够了啊.亲	completed 2026-06-11 18:21:21; output=/Volumes/导演们/奥德里奇·利普斯基/干掉四个就够了啊.亲.Ctyri.vrazdy.staci.drahousku.1970.mkv
DONE	/Volumes/导演们/奥德里奇·利普斯基/绅士们.我把爱因斯坦给宰掉了哦	completed 2026-06-11 18:22:52; output=/Volumes/导演们/奥德里奇·利普斯基/绅士们.我把爱因斯坦给宰掉了哦.Zabil.jsem.Einsteina.panove.1970.mkv
DONE	/Volumes/导演们/奥德里奇·利普斯基/点心	completed 2026-06-11 18:24:25; output=/Volumes/导演们/奥德里奇·利普斯基/点心.Adéla.jeste.nevecerela.1978.mkv
DONE	/Volumes/导演们/奥德里奇·利普斯基/奇幻古堡之谜	completed 2026-06-11 18:25:58; output=/Volumes/导演们/奥德里奇·利普斯基/奇幻古堡之谜.Tajemství.hradu.v.Karpatech.1981.mkv
DONE	/Volumes/导演们/今村昌平/无穷的欲望	completed 2026-07-16 17:11:56; output=/Volumes/导演们/今村昌平/无穷的欲望.Hateshinaki.yokubo.-.Shohei.Imamura.1958.mkv
DONE	/Volumes/导演们/今村昌平/被盗的欲望	completed 2026-06-11 18:26:36; output=/Volumes/导演们/今村昌平/被盗的欲望.Stolen.Desire.1958.mkv
DONE	/Volumes/导演们/克林特·伊斯特伍德/荒野浪子(英字)	completed 2026-06-11 18:29:14; output=/Volumes/导演们/克林特·伊斯特伍德/High Plains Drifter.mkv
DONE	/Volumes/导演们/山田洋次/母亲	completed 2026-06-11 18:29:40; output=/Volumes/导演们/山田洋次/母亲.Kabei.Our.Mother.2008.DVDRip.XviD-CoWR.mkv
DONE	/Volumes/导演们/斯坦利·库布里克/飞翔的牧师	completed 2026-06-11 18:29:43; output=/Volumes/导演们/斯坦利·库布里克/飞翔的牧师.Flying.Padre.1951.mkv
DONE	/Volumes/导演们/熊切和嘉/天线	completed 2026-06-11 18:30:15; output=/Volumes/导演们/熊切和嘉/天线.Antenna.2003.dvdrip.xvid-promise.mkv
DONE	/Volumes/导演们/亚历山大·索科洛夫/Aleksandr Sokurov - Peterburgskaya elegiya (1989)	completed 2026-06-11 18:31:16; output=/Volumes/导演们/亚历山大·索科洛夫/Peterburgskaya.Elegiya.1989.Aleksandr.Sokurov.mkv
DONE	/Volumes/导演们/亚历山大·索科洛夫/Aleksandr Sokurov - Samye Zemnye Zaboty aka Le Piú Terrene Occupazione (1974)	completed 2026-06-11 18:31:34; output=/Volumes/导演们/亚历山大·索科洛夫/Samye.Zemnye.Zaboty.1974.Alexander.Sokurov.mkv
DONE	/Volumes/导演们/亚历山大·索科洛夫/悲戚的冷漠	completed 2026-06-11 18:34:32; output=/Volumes/导演们/亚历山大·索科洛夫/悲戚的冷漠.Skorbnoye.beschuvstviye.1987.mkv
DONE_REVIEW	/Volumes/导演们/亚历山大·索科洛夫/苏联挽歌	output completed, but folder was not removed: /Volumes/导演们/亚历山大·索科洛夫/Soviet Elegy.mkv
DONE	/Volumes/导演们/朱尔斯·达辛/黑地狱	completed 2026-06-11 18:38:10; output=/Volumes/导演们/朱尔斯·达辛/黑地狱.Night.and.the.City.1950.DVDRip.mkv
DONE_REVIEW	/Volumes/导演们/朱尔斯·达辛/男人的斗争	output completed, but folder was not removed: /Volumes/导演们/朱尔斯·达辛/男人的斗争.Rififi.1955.CC.BDRip.X264.iNT-TLF.mkv
DONE	/Volumes/导演们/沟口建二/名刀美女丸	completed 2026-07-16 17:12:31; output=/Volumes/导演们/沟口建二/名刀美女丸.Meito.bijomaru.1945.Kenji.Mizoguchi.mkv
DONE	/Volumes/导演们/沟口建二/女優須磨子の恋	completed 2026-06-11 18:44:38; output=/Volumes/导演们/沟口建二/女優須磨子の恋.The.Love.of.Sumako.the.Actress.1947.mkv
DONE	/Volumes/导演们/沟口建二/折纸鹤的阿千	completed 2026-06-11 18:45:08; output=/Volumes/导演们/沟口建二/折纸鹤的阿千.Orizuru.Osen.1935.mkv
DONE	/Volumes/导演们/沟口建二/武蔵野夫人	completed 2026-06-11 18:45:43; output=/Volumes/导演们/沟口建二/武蔵野夫人.Lady.Musashino.1951.mkv
DONE	/Volumes/导演们/沟口建二/谣言的女人	completed 2026-07-16 17:13:41; output=/Volumes/导演们/沟口建二/谣言的女人.Uwasa.no.onna.1954.mkv
DONE	/Volumes/导演们/卡尔·卡切纳/(1960)男孩 Prace	completed 2026-06-11 18:48:21; output=/Volumes/导演们/卡尔·卡切纳/男孩.Práče.1960.-DVD.Thyronx.2.mkv
DONE	/Volumes/导演们/卡尔·卡切纳/(1986)小鹿之死 Smrt krásnych srncu	completed 2026-06-11 18:50:51; output=/Volumes/导演们/卡尔·卡切纳/小鹿之死.Smrt-krásných-srnců-.1986.-CZ.mkv
DONE	/Volumes/导演们/卡尔·卡切纳/(1994)母牛 Krava	completed 2026-06-11 18:57:45; output=/Volumes/导演们/卡尔·卡切纳/母牛.Krava.1994.DVDrip.RbB.mkv
DONE	/Volumes/导演们/卡尔·卡切纳/(1999)Hanele	completed 2026-06-11 18:59:22; output=/Volumes/导演们/卡尔·卡切纳/Hanele.1999.český-film.mkv
DONE	/Volumes/导演们/卡尔·卡切纳/维也纳快车	completed 2026-06-11 19:01:11; output=/Volumes/导演们/卡尔·卡切纳/维也纳快车.Kocar+do+Vidne+.1966.XVID-KG.mkv
DONE	/Volumes/导演们/卡尔·西奥多·德莱叶/吸血鬼	completed 2026-06-11 19:01:56; output=/Volumes/导演们/卡尔·西奥多·德莱叶/吸血鬼.Vampyr.1932.iNT.CRiTERiON.DVDRip.XviD-FLS.mkv
DONE	/Volumes/导演们/卡尔·西奥多·德莱叶/撒旦日记	completed 2026-06-11 19:05:02; output=/Volumes/导演们/卡尔·西奥多·德莱叶/撒旦日记.Blade.af.Satans.Bog.1920.mkv
DONE	/Volumes/导演们/卡尔·西奥多·德莱叶/标号人	completed 2026-06-11 19:05:30; output=/Volumes/导演们/卡尔·西奥多·德莱叶/标号人.Die.Gezeichneten.1922.mkv
DONE	/Volumes/导演们/卡尔·西奥多·德莱叶/玛格丽特夫人的第四次婚姻	completed 2026-06-11 19:06:05; output=/Volumes/导演们/卡尔·西奥多·德莱叶/玛格丽特夫人的第四次婚姻.The.Parsons.Widow.1920.mkv
DONE	/Volumes/导演们/卡尔·西奥多·德莱叶/葛罗达的新娘	completed 2026-06-11 19:06:29; output=/Volumes/导演们/卡尔·西奥多·德莱叶/葛罗达的新娘.Glomdalsbruden.(CT.Dreyer.1926.-.70min.Eng.XviD).CiNEMAGROTESQUE.mkv
DONE	/Volumes/导演们/卡洛斯·绍拉/卡门	completed 2026-06-11 19:09:42; output=/Volumes/导演们/卡洛斯·绍拉/卡门.Carmen.1983.By.ShineTu.mkv
DONE	/Volumes/导演们/卡洛斯·绍拉/妈妈一百岁	completed 2026-06-11 19:10:12; output=/Volumes/导演们/卡洛斯·绍拉/妈妈一百岁.mama.cumple.cien.anos.1979.mkv
DONE	/Volumes/导演们/卡洛斯·绍拉/小鸟	completed 2026-06-11 19:12:52; output=/Volumes/导演们/卡洛斯·绍拉/小鸟.Pajarico.1997.Carlos.Saura.Spain.Dvd.Rip.By.Arky.mkv
DONE	/Volumes/导演们/卡洛斯·绍拉/弗拉门戈	completed 2026-06-11 19:13:56; output=/Volumes/导演们/卡洛斯·绍拉/弗拉门戈.Flamenco.1995.Carlos.Saura.mkv
DONE	/Volumes/导演们/卡洛斯·绍拉/极乐花园	completed 2026-06-11 19:14:40; output=/Volumes/导演们/卡洛斯·绍拉/极乐花园.El.Jardin.de.las.Delicias.1970.mkv
DONE	/Volumes/导演们/卡洛斯·绍拉/狩猎	completed 2026-06-11 19:15:29; output=/Volumes/导演们/卡洛斯·绍拉/狩猎.La.Caza.卡洛斯·绍拉.1966.mkv
DONE	/Volumes/导演们/卡洛斯·绍拉/薄荷刨冰	completed 2026-06-11 19:16:05; output=/Volumes/导演们/卡洛斯·绍拉/薄荷刨冰.Peppermint.Frappe.1967.mkv
DONE	/Volumes/导演们/柯内流·波蓝波宇/布加勒斯特东12点8分	completed 2026-06-11 19:21:13; output=/Volumes/导演们/柯内流·波蓝波宇/布加勒斯特东12点8分.1208.East.of.Bucharest.2007.1080p.NF.WEB-DL.DDP2.0.x264-TEPES.mkv
DONE	/Volumes/导演们/柯内流·波蓝波宇/警察.形容词	completed 2026-06-11 19:23:29; output=/Volumes/导演们/柯内流·波蓝波宇/警察.形容词.Politist.Adjectiv.2009.DVDRip.x264-mafalda.mkv
DONE	/Volumes/导演们/拉莉萨·舍皮琴科/你和我	completed 2026-06-11 19:26:32; output=/Volumes/导演们/拉莉萨·舍皮琴科/Ty.i.ja.1972.DVDRip.mkv
DONE	/Volumes/导演们/朴赞郁/斯托克	completed 2026-06-11 19:29:20; output=/Volumes/导演们/朴赞郁/斯托克.Stoker.2013.BluRay.720p.MNHD-FRDS.mkv
DONE	/Volumes/导演们/朴赞郁/我要复仇	completed 2026-06-11 19:31:59; output=/Volumes/导演们/朴赞郁/我要复仇.Sympathy.For.Mr.Vengeance.2002.BDRip.X264.iNT-TLF.mkv
DONE	/Volumes/导演们/三池崇史/新仁义的墓场	completed 2026-06-11 19:33:10; output=/Volumes/导演们/三池崇史/新仁义的墓场.Takashi.Miike.s.Graveyard.of.Honour.(Shin.jingi.no.hakaba.).2002.Divx.Jap.mkv
DONE	/Volumes/导演们/园子温/うつしみ	completed 2026-06-11 19:35:51; output=/Volumes/导演们/园子温/2000 - Utushimi [Sono Shion].mkv
DONE	/Volumes/导演们/园子温/神秘马戏团	completed 2026-06-11 19:39:33; output=/Volumes/导演们/园子温/神秘马戏团.Strange.Circus.2005.mkv
DONE	/Volumes/导演们/安东尼奥尼/奥伯瓦尔德的秘密	completed 2026-06-11 19:44:00; output=/Volumes/导演们/安东尼奥尼/奥伯瓦尔德的秘密.Il.Mistero.di.Oberwald.1980.Michelangelo.Antonioni.DVDRip.DivXClasico.mkv
DONE	/Volumes/导演们/弗雷德里克·怀斯曼/疯马歌舞秀	completed 2026-06-11 19:48:18; output=/Volumes/导演们/弗雷德里克·怀斯曼/疯马歌舞秀.Crazy.Horse.2011.mkv
DONE	/Volumes/导演们/冈本喜八/啊~炸弹！	completed 2026-06-11 19:49:09; output=/Volumes/导演们/冈本喜八/啊~炸弹！.Aa.Bakudan.1964.DVDRip.XviD-MOC.mkv
DONE	/Volumes/导演们/冈本喜八/替人报仇的助六	completed 2026-06-11 19:49:47; output=/Volumes/导演们/冈本喜八/替人报仇的助六.Vengeance.For.Sale.2001.DVDRip.XviD-UBiK.mkv
DONE	/Volumes/导演们/冈本喜八/江分利満氏	completed 2026-06-11 19:50:42; output=/Volumes/导演们/冈本喜八/江分利満氏の優雅な生活The.Elegant.Life.of.Mr.Everyman.1963.DVDRip.AC3.XviD-MDCOrient.mkv
DONE	/Volumes/导演们/木下惠介/野菊之墓	completed 2026-06-11 19:54:57; output=/Volumes/导演们/木下惠介/野菊之墓.She.Was.Like.a.Wild.Chrysanthemum.1955.mkv
FAILED	/Volumes/导演们/亚历桑德罗·佐杜洛夫斯基/鼹鼠	subtitle encoding detection failed: /Volumes/导演们/亚历桑德罗·佐杜洛夫斯基/鼹鼠/El Topo.POR2.srt :: 
DONE	/Volumes/导演们/扬·内梅克/一个都不能走	completed 2026-06-11 19:56:54; output=/Volumes/导演们/扬·内梅克/一个都不能走.Demanty.noci.1964.mkv
DONE	/Volumes/导演们/扬·内梅克/变形记	completed 2026-06-11 19:58:05; output=/Volumes/导演们/扬·内梅克/变形记.Franz.Kafka.Die.Verwandlung.TV-Rip.3sat.18.10.2004.mkv
DONE	/Volumes/导演们/原一男/全身小说家	completed 2026-06-11 20:01:08; output=/Volumes/导演们/原一男/全身小说家.dedicated.life.1994.mkv
DONE	/Volumes/导演们/奥塔·埃索里亚尼/于是有了光	completed 2026-06-11 20:04:41; output=/Volumes/导演们/奥塔·埃索里亚尼/于是有了光.Et.la.lumiere.fut.1989.mkv
FAILED	/Volumes/导演们/奥塔·埃索里亚尼/田园牧歌	unexpected files found in /Volumes/导演们/奥塔·埃索里亚尼/田园牧歌
DONE	/Volumes/导演们/奥逊·威尔斯/午夜钟声(英字)	completed 2026-06-11 20:05:30; output=/Volumes/导演们/奥逊·威尔斯/午夜钟声.Welles.Orson.-.1965.-.Campanadas.a.medianoche.mkv
DONE	/Volumes/导演们/奥逊·威尔斯/审判	completed 2026-06-11 20:06:37; output=/Volumes/导演们/奥逊·威尔斯/审判.Orson.Welles.-.The.Trial.1962.DVDRip.(SiRiUs.sHaRe).mkv
DONE	/Volumes/导演们/巴德·伯蒂彻/七寇伏尸记	completed 2026-06-11 20:07:28; output=/Volumes/导演们/巴德·伯蒂彻/七寇伏尸记.Seven.Men.from.Now.1956.mkv
DONE	/Volumes/导演们/巴德·伯蒂彻/单格屠龙	completed 2026-06-11 20:08:11; output=/Volumes/导演们/巴德·伯蒂彻/单格屠龙.ride.lonesome.1959.dvdrip.xvid.fragment.chs.mkv
DONE	/Volumes/导演们/巴德·伯蒂彻/单骑血战	completed 2026-06-11 20:09:00; output=/Volumes/导演们/巴德·伯蒂彻/单骑血战.buchanan.rides.alone.1958.dvdrip.xvid.fragment.chs.mkv
DONE	/Volumes/导演们/巴德·伯蒂彻/大写T	completed 2026-06-11 20:09:42; output=/Volumes/导演们/巴德·伯蒂彻/大写的Tthe.tall.t.1957.dvdrip.xvid.fragment.chs.mkv
DONE	/Volumes/导演们/巴德·伯蒂彻/暮色中的决断	completed 2026-06-11 20:10:28; output=/Volumes/导演们/巴德·伯蒂彻/暮色中的决断.decision.at.sundown.1957.dvdrip.xvid.fragment.chs.mkv
DONE	/Volumes/导演们/巴德·伯蒂彻/蛮山野侠	completed 2026-06-11 20:11:10; output=/Volumes/导演们/巴德·伯蒂彻/蛮山野侠.comanche.station.1960.dvdrip.xvid.fragment.chs.mkv
DONE	/Volumes/导演们/彼得·格林纳威/动物园	completed 2026-06-11 20:12:18; output=/Volumes/导演们/彼得·格林纳威/动物园.A.Zed.and.Two.Noughts.1985.mkv
FAILED	/Volumes/导演们/布莱恩·德·帕尔玛/危情羔羊	subtitle encoding detection failed: /Volumes/导演们/布莱恩·德·帕尔玛/危情羔羊/危情羔羊.Raising.Cain.1992.DVDRiP.XviD-Grand.chs.srt :: 
DONE	/Volumes/导演们/布莱恩·德·帕尔玛/嗨，妈妈	completed 2026-06-11 20:13:18; output=/Volumes/导演们/布莱恩·德·帕尔玛/嗨，妈妈.Hi.Mom.1970.WS.DVDRip.XviD-FRAGMENT.mkv
FAILED	/Volumes/导演们/布莱恩·德·帕尔玛/愤怒	subtitle encoding detection failed: /Volumes/导演们/布莱恩·德·帕尔玛/愤怒/魔血.The.Fury.1978.DVDRip.XviD-Smokey888.tehPARADOX.com.chs.srt :: 
DONE	/Volumes/导演们/布莱恩·德·帕尔玛/替身	completed 2026-06-11 20:18:00; output=/Volumes/导演们/布莱恩·德·帕尔玛/粉红色杀人夜.Body.Double.1984.DVDRip.XviD-4P2P.mkv
DONE	/Volumes/导演们/布莱恩·德·帕尔玛/迷情记	completed 2026-06-11 20:19:15; output=/Volumes/导演们/布莱恩·德·帕尔玛/迷情记.Obsession.1976.DVDRip.x264.DD5.1-OP.mkv
FAILED	/Volumes/导演们/成濑巳喜男/幸福生活	subtitle decode produced replacement characters: /Volumes/导演们/成濑巳喜男/幸福生活/幸福生活.Tanoshiki.kana.jinsei.This.Happy.Life.1944.Mikio.Naruse.srt
DONE	/Volumes/导演们/杜拉斯/塞扎里/塞扎里	completed 2026-06-11 20:20:31; output=/Volumes/导演们/杜拉斯/塞扎里/Cesaree.mkv
DONE	/Volumes/导演们/杜拉斯/毁灭吧，她说	completed 2026-06-11 20:24:38; output=/Volumes/导演们/杜拉斯/Marguerite.Duras-Detruire.dit-elle.aka.Destroy.She.Said.1969-SMz.mkv
DONE	/Volumes/导演们/杜桑·哈那克/(1969)322	completed 2026-07-16 17:15:55; output=/Volumes/导演们/杜桑·哈那克/322.1969.dvdrip.sk.mkv
DONE	/Volumes/导演们/杜桑·哈那克/(1972)旧世界群像 Obrazy starého sveta	completed 2026-06-11 20:26:49; output=/Volumes/导演们/杜桑·哈那克/旧世界群像.Pictures.Of.The.Old.World.1972.DVDRip.XviD-WRD.mkv
DONE	/Volumes/导演们/杜桑·哈那克/纸人头	completed 2026-06-11 20:28:40; output=/Volumes/导演们/杜桑·哈那克/纸人头.Papierove.hlavy.1995.mkv
DONE	/Volumes/导演们/阿尔弗雷德·希区柯克/三十九级台阶	completed 2026-06-11 20:33:09; output=/Volumes/导演们/阿尔弗雷德·希区柯克/三十九级台阶.The.39.Steps.1935.DVDrip.XviD.AC3.iNT-alaundo.mkv
DONE	/Volumes/导演们/雷内·克莱尔/巴黎屋檐下	completed 2026-06-11 20:34:02; output=/Volumes/导演们/雷内·克莱尔/巴黎屋檐下.Sous.les.toits.de.Paris.1930.DVDRip.XviD-iMBT.mkv
DONE	/Volumes/导演们/雷内·克莱尔/意大利草帽	completed 2026-06-11 20:38:02; output=/Volumes/导演们/雷内·克莱尔/意大利草帽.Un.chapeau.de.paille.dItalie.1928.mkv
DONE	/Volumes/导演们/雷内·克莱尔/新奥尔良之光	completed 2026-06-11 20:42:44; output=/Volumes/导演们/雷内·克莱尔/新奥尔良之光.The Flame of New Orleans (1941) Marlene Dietrich Eng.mkv
DONE	/Volumes/导演们/迈克尔·鲍威尔/沙滩上的夏娃	completed 2026-06-11 20:46:08; output=/Volumes/导演们/迈克尔·鲍威尔/沙滩上的夏娃.Age.of.Consent.1969.Director's.Cut.BluRay.720p.x264.AC3.iNT-TLF.mkv
DONE	/Volumes/导演们/达伦·阿伦诺夫斯基/π	completed 2026-06-11 20:47:52; output=/Volumes/导演们/达伦·阿伦诺夫斯基/死亡密码.pi.1998.DVDRip.XviD.mkv
DONE	/Volumes/导演们/达伦·阿伦诺夫斯基/没时间	completed 2026-06-11 20:48:01; output=/Volumes/导演们/达伦·阿伦诺夫斯基/No.Time.1994.没时间.540x360.VP9-DMR.mkv
DONE	/Volumes/导演们/安德列·泰西内/岁月无情	completed 2026-06-11 20:49:47; output=/Volumes/导演们/安德列·泰西内/岁月无情 Time Without Pity (1957).mkv
DONE	/Volumes/导演们/亨利·乔治·克鲁佐/侦探	completed 2026-06-11 20:51:34; output=/Volumes/导演们/亨利·乔治·克鲁佐/侦探.Les.espions.1957.mkv
DONE	/Volumes/导演们/吉田喜重/暴風漢子	completed 2026-06-11 20:54:53; output=/Volumes/导演们/吉田喜重/暴風漢子.18.Roughs.1963.mkv
DONE	/Volumes/导演们/吉田喜重/炎与女	completed 2026-06-11 20:55:54; output=/Volumes/导演们/吉田喜重/炎与女.Flame.And.Women.1967.DVDRip.XviD-MOC.mkv
DONE	/Volumes/导演们/吉田喜重/血的饥渴	completed 2026-06-11 20:56:43; output=/Volumes/导演们/吉田喜重/血的饥渴.Blood.Is.Dry.1960.DVDRip.XviD-MOC.mkv
DONE	/Volumes/导演们/市川昆/恶魔拍球之歌	completed 2026-06-11 20:58:10; output=/Volumes/导演们/市川昆/恶魔拍球之歌.Rhyme.Of.Vengeance.1977.DVDRip.XviD-MNAUCE.mkv
DONE	/Volumes/导演们/小林正树/在我冒险的日	completed 2026-06-11 20:59:02; output=/Volumes/导演们/小林正树/在我冒险的日.Inn.of.Evil.1971.Masaki.Kobayashi.DVDrip.Jose.El.Luzu.mkv
DONE	/Volumes/导演们/伊利亚·卡赞/美国美国(英字)	completed 2026-06-11 21:02:31; output=/Volumes/导演们/伊利亚·卡赞/America America.mkv
DONE	/Volumes/导演们/阿列克谢·日尔曼/哈鲁斯坦洛夫.开车	completed 2026-06-11 21:04:30; output=/Volumes/导演们/阿列克谢·日尔曼/哈鲁斯坦洛夫.开车！.Khrustalyov.My.Car.1998.苏联.Aleksei.German.mkv
DONE	/Volumes/导演们/阿列克谢·日尔曼/我的朋友伊万·拉布辛	completed 2026-06-11 21:07:28; output=/Volumes/导演们/阿列克谢·日尔曼/我的朋友伊万·拉布辛.My.Friend.Ivan.Lapshin.1984.苏联.Aleksei.German.mkv
DONE	/Volumes/导演们/阿列克谢·日尔曼/没有战争的二十天	completed 2026-06-11 21:11:56; output=/Volumes/导演们/阿列克谢·日尔曼/没有战争的二十天.Twenty.Days.Without.War.1976.苏联.Aleksei.German.mkv
DONE	/Volumes/导演们/阿列克谢·日尔曼/路上的检查	completed 2026-06-11 21:14:39; output=/Volumes/导演们/阿列克谢·日尔曼/路上的检查.Trial.of.the.Road.1971.苏联.Aleksei.German.mkv
DONE	/Volumes/导演们/阿列克谢·日尔曼/第七個同行者	completed 2026-06-11 21:17:41; output=/Volumes/导演们/阿列克谢·日尔曼/第七個同行者.The.Seventh.Companion.1968.苏联.Aleksei.German.mkv
DONE	/Volumes/导演们/贾法·帕纳西/越位	completed 2026-06-11 21:18:36; output=/Volumes/导演们/贾法·帕纳西/越位.Offside.2006.LIMITED.DVDRip.XviD-MESS.mkv
DONE	/Volumes/导演们/贾法·帕纳西/这不是一部电影	completed 2026-06-11 21:22:09; output=/Volumes/导演们/贾法·帕纳西/这不是一部电影.This.Is.Not.a.Film.2011.mkv
DONE	/Volumes/导演们/西德尼·吕美特/大审判	completed 2026-06-11 21:22:41; output=/Volumes/导演们/西德尼·吕美特/大审判.The.Verdict.1982.DVDRip.x264.mkv
DONE	/Volumes/导演们/西德尼·吕美特/奇幻核子战	completed 2026-06-11 21:23:10; output=/Volumes/导演们/西德尼·吕美特/奇幻核子战.Fail.Safe.1964.DVDRip-hector.mkv
DONE	/Volumes/导演们/西德尼·吕美特/恋马狂	completed 2026-06-11 21:23:46; output=/Volumes/导演们/西德尼·吕美特/恋马狂.Equus.1977.DVDRip.x264.mkv
DONE	/Volumes/导演们/西德尼·吕美特/死亡计中计	completed 2026-06-11 21:24:50; output=/Volumes/导演们/西德尼·吕美特/死亡计中计.Deathtrap.1982.mkv
DONE	/Volumes/导演们/西德尼·吕美特/突击者	completed 2026-06-11 21:25:33; output=/Volumes/导演们/西德尼·吕美特/突击者.Sidney.Lumet.1972.The.Offence.mkv
DONE	/Volumes/导演们/谢尔盖·爱森斯坦/石头上的花	completed 2026-06-11 21:25:58; output=/Volumes/导演们/谢尔盖·爱森斯坦/石头上的花.Tsvetok.na.kamne.1962.mkv
DONE	/Volumes/导演们/杨·史云梅耶/幸存的生命(理论与实践)[www.surrealmoviez.info]	completed 2026-06-11 21:30:31; output=/Volumes/导演们/杨·史云梅耶/幸存的生命理论与实践.Prezit.svuj.zivot.2010.PROPER.DVDRip.XviD-SCHWEiK.mkv
FAILED	/Volumes/导演们/耶尔齐·霍夫曼/火与剑	unexpected files found in /Volumes/导演们/耶尔齐·霍夫曼/火与剑
DONE	/Volumes/导演们/耶尔齐·卡瓦莱罗维奇/【百度贴吧经典电影吧整理收集】你往何处去 Quo Vadis (2001)	completed 2026-06-11 21:34:44; output=/Volumes/导演们/耶尔齐·卡瓦莱罗维奇/你往何处去.Quo.Vadis.2001.DVDRip.XviD.ac3.All.Films.RG.mkv
DONE	/Volumes/导演们/耶尔齐·卡瓦莱罗维奇/【百度贴吧经典电影吧整理收集】夜车 Pociąg (1959)	completed 2026-07-16 17:18:18; output=/Volumes/导演们/耶尔齐·卡瓦莱罗维奇/夜车.Pociag.1959.DVDRip.XviD-MOC.mkv
DONE	/Volumes/导演们/耶尔齐·卡瓦莱罗维奇/【百度贴吧经典电影吧整理收集】影子 Cien (1956)	completed 2026-06-11 21:36:21; output=/Volumes/导演们/耶尔齐·卡瓦莱罗维奇/百度贴吧经典电影吧整理收集.影子.Cien.1956.mkv
DONE	/Volumes/导演们/约瑟夫·罗西/M	completed 2026-06-11 21:36:50; output=/Volumes/导演们/约瑟夫·罗西/M.1951.mkv
DONE	/Volumes/导演们/约瑟夫·罗西/TheProwler	completed 2026-06-11 21:41:18; output=/Volumes/导演们/约瑟夫·罗西/The.Prowler.1951.DVDRip.XviD.mkv
DONE	/Volumes/导演们/约瑟夫·罗西/刺杀托洛茨基	completed 2026-06-11 21:41:48; output=/Volumes/导演们/约瑟夫·罗西/刺杀托洛茨基.The.Assassination.of.Trotsky.1972.mkv
DONE	/Volumes/导演们/约瑟夫·罗西/博命	completed 2026-06-11 21:42:13; output=/Volumes/导演们/约瑟夫·罗西/博命.These.Are.the.Damned.1963.mkv
DONE	/Volumes/导演们/约瑟夫·罗西/幽情密使/幽情密使双音轨	completed 2026-06-11 21:47:54; output=/Volumes/导演们/约瑟夫·罗西/幽情密使/幽情密使The.Go.Between.1970.HDRip.push.mkv
DONE	/Volumes/导演们/约瑟夫·罗西/景中人	completed 2026-06-11 21:48:29; output=/Volumes/导演们/约瑟夫·罗西/景中人.Figures.in.a.Landscape.1970.mkv
DONE	/Volumes/导演们/约瑟夫·罗西/沧海孤女恨	completed 2026-06-11 21:49:02; output=/Volumes/导演们/约瑟夫·罗西/沧海孤女恨.Secret.Ceremony.1968.mkv
DONE	/Volumes/导演们/约瑟夫·罗西/涛海春晓	completed 2026-06-11 21:49:44; output=/Volumes/导演们/约瑟夫·罗西/涛海春晓.Boom.1968.mkv
DONE	/Volumes/导演们/约瑟夫·罗西/绿发男孩	completed 2026-06-11 21:50:08; output=/Volumes/导演们/约瑟夫·罗西/绿发男孩.The.Boy.with.Green.Hair.1948.mkv
DONE	/Volumes/导演们/艾伦·帕克/午夜快车	completed 2026-06-11 21:57:04; output=/Volumes/导演们/艾伦·帕克/午夜快车.Midnight.Express.1978.BDRip.X264.iNT-TLF.mkv
DONE	/Volumes/导演们/艾伦·帕克/贝隆夫人	completed 2026-06-11 21:59:41; output=/Volumes/导演们/艾伦·帕克/贝隆夫人.Evita.1996.15th.BDRip.X264-YXY.mkv
FAILED	/Volumes/导演们/拉杜·裘德/喝彩	unexpected files found in /Volumes/导演们/拉杜·裘德/喝彩
DONE	/Volumes/导演们/阿巴斯/过客	completed 2026-06-11 22:00:20; output=/Volumes/导演们/阿巴斯/过客.Mossafer.1974.mkv
DONE	/Volumes/导演们/阿伦·雷乃/严禁嘴对嘴	completed 2026-06-11 22:01:14; output=/Volumes/导演们/阿伦·雷乃/严禁嘴对嘴.Pas.sur.la.bouche.2003.FRENCH.DVDRip.XVID-EVASiON.mkv
DONE	/Volumes/导演们/阿伦·雷乃/史塔维斯基	completed 2026-06-11 22:01:58; output=/Volumes/导演们/阿伦·雷乃/史塔维斯基.Stavisky.1974.Alain.Resnais.mkv
DONE	/Volumes/导演们/阿伦·雷乃/天意	completed 2026-06-11 22:02:40; output=/Volumes/导演们/阿伦·雷乃/天意.Providence.1977.mkv
DONE	/Volumes/导演们/阿伦·雷乃/生命是部小说	completed 2026-06-11 22:03:14; output=/Volumes/导演们/阿伦·雷乃/生命是部小说.1983.La.vie.est.un.roman.mkv
DONE	/Volumes/导演们/阿伦·雷乃/雕像也会死亡(英字)	completed 2026-06-11 22:03:23; output=/Volumes/导演们/阿伦·雷乃/雕像也会死亡.Les.Statues.Meurent.Aussi.1953.mkv
DONE	/Volumes/导演们/英格玛·伯格曼/刺激	completed 2026-06-11 22:04:10; output=/Volumes/导演们/英格玛·伯格曼/刺激.Stimulantia.1967.VHSRiP.Xvid.mkv
DONE	/Volumes/导演们/英格玛·伯格曼/映画创造者	completed 2026-06-11 22:05:02; output=/Volumes/导演们/英格玛·伯格曼/映画创造者.Bildmakarna.2000.Ingmar.Bergman.mkv
DONE	/Volumes/导演们/英格玛·伯格曼/被祝福那个	completed 2026-06-11 22:08:07; output=/Volumes/导演们/英格玛·伯格曼/De.tva.saliga ףǸ.1986.MKO.VHSRip.Xvid.mkv
DONE	/Volumes/导演们/费德里科·费里尼/卖艺春秋	completed 2026-06-11 22:14:44; output=/Volumes/导演们/费德里科·费里尼/卖艺春秋.Variety.Lights.1950.CC.BluRay.1080p.x265.10bit.AC3.iNT-TLF.mkv
DONE	/Volumes/导演们/南尼·莫莱蒂/凯门鳄	completed 2026-06-11 22:16:52; output=/Volumes/导演们/南尼·莫莱蒂/凯门鳄.The.Caiman.2006.576p.WEB-DL.H264-FW.mkv
DONE	/Volumes/导演们/沃纳·赫尔佐格/乌代布尔王公的古怪私人院	completed 2026-06-11 22:17:18; output=/Volumes/导演们/沃纳·赫尔佐格/乌代布尔王公的古怪私人院.Jag.Mandir.1991.Werner.Herzog.mkv
DONE	/Volumes/导演们/沃纳·赫尔佐格/在世界尽头相遇	completed 2026-06-11 22:17:54; output=/Volumes/导演们/沃纳·赫尔佐格/在世界尽头相遇.Encounters.At.The.End.Of.The.World.2007.mkv
DONE	/Volumes/导演们/沃纳·赫尔佐格/来自深处的钟声	completed 2026-06-11 22:18:29; output=/Volumes/导演们/沃纳·赫尔佐格/来自深处的钟声.Bells.from.the.Deep.-.Faith.and.Superstition.in.Russia.(Werner.Herzog).1993.DVDRIP.Xvid.mkv
DONE	/Volumes/导演们/沃纳·赫尔佐格/沃采克	completed 2026-06-15 06:39:44; output=/Volumes/导演们/沃纳·赫尔佐格/沃采克.Woyzeck.1979.mkv
DONE	/Volumes/导演们/沃纳·赫尔佐格/灰熊人	completed 2026-06-15 06:42:42; output=/Volumes/导演们/沃纳·赫尔佐格/灰熊人.Grizzly.Man.2005.BDRip.480p.x264.AC3-CHD.mkv
DONE	/Volumes/导演们/沃纳·赫尔佐格/玻璃精灵	completed 2026-06-15 06:43:35; output=/Volumes/导演们/沃纳·赫尔佐格/玻璃精灵.Herz.aus.Glas.1976.DVDrip.by.Galmuchet.mkv
DONE	/Volumes/导演们/沃纳·赫尔佐格/赫尔佐格短片集/士兵的歌谣	completed 2026-06-15 06:44:01; output=/Volumes/导演们/沃纳·赫尔佐格/赫尔佐格短片集/士兵的歌谣.Ballad.of.the.Little.Soldier.-.Werner.Herzog.1984.mkv
DONE	/Volumes/导演们/沃纳·赫尔佐格/赫尔佐格短片集/德意志要塞无防范之抵御	completed 2026-06-15 06:44:12; output=/Volumes/导演们/沃纳·赫尔佐格/赫尔佐格短片集/Die.Beispiellose.Verteidigung.der.Festung.Deutschkreuz.aka.The.Unprecedented.Defence.of.the.Fortr.mkv
DONE	/Volumes/导演们/沃纳·赫尔佐格/赫尔佐格短片集/最后的话	completed 2026-06-15 06:44:22; output=/Volumes/导演们/沃纳·赫尔佐格/赫尔佐格短片集/Letzte.Worte.mkv
DONE	/Volumes/导演们/沃纳·赫尔佐格/赫尔佐格短片集/残疾人的未来	completed 2026-06-15 06:45:09; output=/Volumes/导演们/沃纳·赫尔佐格/赫尔佐格短片集/残疾人的未来.Handicapped.Future.-.Werner.Herzog.1971.mkv
DONE	/Volumes/导演们/沃纳·赫尔佐格/赫尔佐格短片集/没人愿意跟我玩	completed 2026-06-15 06:45:20; output=/Volumes/导演们/沃纳·赫尔佐格/赫尔佐格短片集/Mit.mir.will.keiner.spielen.mkv
DONE	/Volumes/导演们/沃纳·赫尔佐格/赫尔佐格短片集/荷索的自画像	completed 2026-06-15 06:45:40; output=/Volumes/导演们/沃纳·赫尔佐格/赫尔佐格短片集/荷索的自画像.Portrait.Werner.Herzg.1986.Werner.Herzog.mkv
DONE	/Volumes/导演们/沃纳·赫尔佐格/阿基尔，上帝的愤怒	completed 2026-06-15 06:46:33; output=/Volumes/导演们/沃纳·赫尔佐格/阿基尔.上帝的愤怒.Aguirre.der.Zorn.Gottes.1972.mkv
DONE	/Volumes/导演们/沃纳·赫尔佐格/黑暗之课	completed 2026-06-15 06:47:01; output=/Volumes/导演们/沃纳·赫尔佐格/黑暗之课.Werner.Herzog.-.Lektionen.in.Finsternis.-.Lessons.of.Darkness.engl-german.1992.-.Iraq.War.mkv
FAILED	/Volumes/导演们/克日什托夫·基耶斯洛夫斯基/短片/愿望音乐会	subtitle encoding detection failed: /Volumes/导演们/克日什托夫·基耶斯洛夫斯基/短片/愿望音乐会/愿望音乐会.Concert.of.Wishes.1967.chs.srt :: 
DONE	/Volumes/导演们/达米恩·查泽雷/登月第一人	completed 2026-06-15 06:51:20; output=/Volumes/导演们/达米恩·查泽雷/登月第一人.First.Man.2018.IMAX.BDRip.X264.iNT-TLF.mkv
DONE	/Volumes/导演们/伊日·门泽尔/(1968)Zlocin v santánu	completed 2026-06-15 06:52:55; output=/Volumes/导演们/伊日·门泽尔/Zlocin.v.santanu.1968.dvd.rip.mkv
DONE	/Volumes/导演们/伊日·门泽尔/(1968)反复无常的夏天 Rozmarné léto	completed 2026-06-15 06:54:40; output=/Volumes/导演们/伊日·门泽尔/反复无常的夏天.Rozmarne.Leto.1968.Kinobox.mkv
DONE	/Volumes/导演们/伊日·门泽尔/森林边缘的寂寞	completed 2026-06-15 06:56:18; output=/Volumes/导演们/伊日·门泽尔/森林边缘的寂寞.Na.samote.u.lesa.1976.mkv
DONE	/Volumes/导演们/卢基诺·维斯康蒂/洛克兄弟	completed 2026-06-15 07:00:01; output=/Volumes/导演们/卢基诺·维斯康蒂/洛克兄弟.Rocco.and.His.Brothers.1960.XviD-Dionysus.mkv
FAILED	/Volumes/导演们/卢基诺·维斯康蒂/纳粹狂魔	subtitle encoding detection failed: /Volumes/导演们/卢基诺·维斯康蒂/纳粹狂魔/纳粹狂魔.La.Caduta.Degli.Dei.1969.DVDRip.DivX.chs.srt :: 
DONE	/Volumes/导演们/埃米尔·库斯图里察/爸爸出差时	completed 2026-06-15 07:08:00; output=/Volumes/导演们/埃米尔·库斯图里察/爸爸去出差.When.Father.Was.Away.on.Business.1985.DVDRip.Xvid-sicxicldx.mkv
DONE	/Volumes/导演们/阿里·艾斯特/爱丁顿	completed 2026-06-15 07:29:51; output=/Volumes/导演们/阿里·艾斯特/爱丁顿.Eddington.2025.2160p.AMZN.WEB-DL.DDP5.1.Atmos.H.265-BYNDR.mkv
DONE	/Volumes/导演们/莱奥·卡拉克斯/神圣车行	completed 2026-06-15 07:45:44; output=/Volumes/导演们/莱奥·卡拉克斯/神圣车行.Holy.Motors.2012.1080p.BluRay.DTS.x265-10bit-TAGHD.mkv
DONE	/Volumes/导演们/莱奥·卡拉克斯/忧郁的扼杀	completed 2026-06-15 07:45:48; output=/Volumes/导演们/莱奥·卡拉克斯/Strangulation.blues.1980.忧郁的扼杀.480x360.VP9-DMR.mkv
DONE	/Volumes/导演们/塞米赫·卡普兰奥卢/蛋	completed 2026-06-15 07:46:54; output=/Volumes/导演们/塞米赫·卡普兰奥卢/蛋.Yumurta.Egg.Semih.Kaplano.lu.2007.mkv
DONE	/Volumes/导演们/塞米赫·卡普兰奥卢/天使的坠落	completed 2026-06-15 07:51:18; output=/Volumes/导演们/塞米赫·卡普兰奥卢/天使的坠落.Melegin.Dususu.2005.DVDRip.XviD-UnSeeN.mkv
FAILED	/Volumes/导演们/肯·洛奇/对话杰里米·科尔宾	subtitle decode produced replacement characters: /Volumes/导演们/肯·洛奇/对话杰里米·科尔宾/对话杰里米·科尔宾.In.Conversation.With.Jeremy.Corbyn.2016.WEB-DL.1080p.H264.AAC-dingfengbo.srt
DONE	/Volumes/导演们/肯·洛奇/最危险的路	completed 2026-06-15 08:09:28; output=/Volumes/导演们/肯·洛奇/最危险的路.Route.Irish.2010.1080p.BluRay.X264-7SinS.mkv
DONE	/Volumes/导演们/肯·洛奇/寻找埃里克	completed 2026-06-15 08:24:31; output=/Volumes/导演们/肯·洛奇/寻找埃里克.Looking.For.Eric.2009.1080p.BluRay.x264-LCHD.mkv
DONE	/Volumes/导演们/肯·洛奇/自由世界	completed 2026-06-15 08:26:43; output=/Volumes/导演们/肯·洛奇/自由世界.It's.a.Free.World.2007.DVDRip.XviD.AC3.mkv
DONE	/Volumes/导演们/肯·洛奇/铁路之歌	completed 2026-06-15 08:29:08; output=/Volumes/导演们/肯·洛奇/铁路之歌.The.Navigators.2001.mkv
DONE	/Volumes/导演们/肯·洛奇/折翼母亲	completed 2026-06-15 08:49:56; output=/Volumes/导演们/肯·洛奇/折翼母亲.Ladybird.Ladybird.1994.1080p.BluRay.x264-FUTURiSTiC.mkv
DONE	/Volumes/导演们/肯·洛奇/底层生活	completed 2026-06-15 08:59:47; output=/Volumes/导演们/肯·洛奇/底层生活.Riff.Raff.1991.1080p.BluRay.x264-PHOBOS.mkv
DONE	/Volumes/导演们/肯·洛奇/致命档案	completed 2026-06-15 09:11:37; output=/Volumes/导演们/肯·洛奇/致命档案.Hidden.Agenda.1990.1080p.BluRay.x264-REKT.mkv
DONE	/Volumes/导演们/肯·洛奇/The.Wednesday.Plays.In.Two.Minds	completed 2026-06-15 09:14:18; output=/Volumes/导演们/肯·洛奇/The.Wednesday.Play.In.Two.Minds.1967.WEB-DL.1080p.H264.AAC-dingfengbo.mkv
DONE_REVIEW	/Volumes/导演们/肯·洛奇/小孩与鹰	output completed, but folder was not removed: /Volumes/导演们/肯·洛奇/小孩与鹰.Kes.1969.BluRay.Criterion.Collection.1080p.AC3.x264-CHD.mkv
DONE	/Volumes/导演们/肯·洛奇/煤的价格/煤的价格.第二部分	completed 2026-06-15 09:31:52; output=/Volumes/导演们/肯·洛奇/煤的价格/煤的价格.第二部分.The.Price.of.Coal.Part.2.mkv
DONE	/Volumes/导演们/肯·洛奇/眼神与微笑	completed 2026-06-15 09:34:34; output=/Volumes/导演们/肯·洛奇/眼神与微笑.Looks.and.Smiles.1981.mkv
DONE	/Volumes/导演们/肯·洛奇/再见祖国	completed 2026-06-15 09:37:46; output=/Volumes/导演们/肯·洛奇/再见祖国.Fatherland.1986.OAR.1080p.BluRay.x265-RARBG.mkv
DONE	/Volumes/导演们/保罗·索伦蒂诺/家庭朋友	completed 2026-06-15 09:42:45; output=/Volumes/导演们/保罗·索伦蒂诺/家庭朋友.The.Family.Friend.2006.ITALIAN.1080p.WEBRip.x264-VXT.mkv
DONE	/Volumes/导演们/曼努埃尔·德·奥利维拉/亚伯拉罕山谷	completed 2026-07-16 17:23:35; output=/Volumes/导演们/曼努埃尔·德·奥利维拉/亚伯拉罕山谷.de.Oliveira.1993.Val.Abraao.mkv
DONE	/Volumes/导演们/曼努埃尔·德·奥利维拉/弗兰西斯卡	completed 2026-06-15 09:46:00; output=/Volumes/导演们/曼努埃尔·德·奥利维拉/弗兰西斯卡.Francisca.1981.mkv
DONE	/Volumes/导演们/曼努埃尔·德·奥利维拉/神曲	completed 2026-06-15 09:50:40; output=/Volumes/导演们/曼努埃尔·德·奥利维拉/神曲Manoel.de.Oliveira-A.Divina.Comedia.1991-SMz.mkv
DONE	/Volumes/分类/华语世界/台湾/侯孝贤/南國再見，南國	completed 2026-06-15 09:51:36; output=/Volumes/分类/华语世界/台湾/侯孝贤/[南國再見，南國].Goodbye.South.Goodbye.1....mkv
DONE	/Volumes/分类/华语世界/台湾/蔡明亮/天边一朵云	completed 2026-06-15 09:53:33; output=/Volumes/分类/华语世界/台湾/蔡明亮/The.Wayward.Cloud.2005.dvdrip.mkv
DONE	/Volumes/分类/华语世界/朝鲜族/张律/豆满江	completed 2026-06-15 09:57:36; output=/Volumes/分类/华语世界/朝鲜族/张律/Dooman.River.2010.720p.HDR.x264.mkv
DONE	/Volumes/分类/华语世界/欧美华人/王颖/千年敬祈	completed 2026-06-15 09:58:20; output=/Volumes/分类/华语世界/欧美华人/王颖/千年敬祈.A.Thousand.Years.Of.Good.Prayers.DVDRip.XviD-SAPHiRE.mkv
DONE	/Volumes/分类/华语世界/欧美华人/王颖/芳心天涯	completed 2026-06-15 09:59:23; output=/Volumes/分类/华语世界/欧美华人/王颖/芳心天涯.Anywhere.But.Here.1999.DVDRip.XviD.mkv
DONE	/Volumes/分类/华语世界/禁/六四/The.Tank.Man	completed 2026-06-15 10:01:20; output=/Volumes/分类/华语世界/禁/六四/[indypeer.org].PBS.Frontline.-.The.Tank.Man.(2006.TVRip.SoS).mkv
DONE	/Volumes/分类/传记·一段历史/切格瓦拉粉的悲惨人生	completed 2026-06-15 10:01:44; output=/Volumes/分类/传记·一段历史/Kako+sam+sistematski+unisten+od+idiota.1....mkv
FAILED	/Volumes/分类/传记·一段历史/春之颂	subtitle encoding detection failed: /Volumes/分类/传记·一段历史/春之颂/Fruhlingssinfonie--Spring-Symphony--1983--tt0085568--640x480--Google-es.srt :: 
DONE	/Volumes/分类/传记·一段历史/西尔维娅	completed 2026-06-15 10:02:31; output=/Volumes/分类/传记·一段历史/Silvia_Prieto_DerekDM.mkv
DONE	/Volumes/分类/动画片/凯尔经的秘密	completed 2026-06-15 10:05:00; output=/Volumes/分类/动画片/The.Secret.of.Kells.2009.LiMiTED.DVDRip.XviD-LPD.mkv
DONE	/Volumes/分类/动画片/动画短片/三个发明家	completed 2026-06-15 10:05:09; output=/Volumes/分类/动画片/动画短片/Les_Trois_inventeurs.mkv
DONE	/Volumes/分类/动画片/动画短片/猫汤	completed 2026-06-15 10:05:50; output=/Volumes/分类/动画片/动画短片/[猫汤].Nekojiru-Sou.(Cat.Soup).(2003).By.Tatsuo.Sato.mkv
DONE	/Volumes/分类/动画片/卢茨·丹姆贝克作品集(1975-1986)/Herzernst	completed 2026-06-15 10:07:24; output=/Volumes/分类/动画片/卢茨·丹姆贝克作品集(1975-1986)/[1984 - 1993] herzog ernst aka duke ernest.mkv
DONE	/Volumes/分类/动画片/哈瓦那的吸血鬼	completed 2026-06-15 10:07:59; output=/Volumes/分类/动画片/Vampires in Havana-kdvx.mkv
DONE	/Volumes/分类/公路/不负责任的人	completed 2026-06-15 10:10:56; output=/Volumes/分类/公路/H-8 (1958).mkv
DONE	/Volumes/分类/公路/回归海洋	completed 2026-06-15 10:11:48; output=/Volumes/分类/公路/Thalassa, Thalassa! Return to the Sea.mkv
DONE	/Volumes/分类/CULT·实验/为年轻刽子手的辩护	completed 2026-06-15 10:14:59; output=/Volumes/分类/CULT·实验/为年轻的刽子手辩护.pripad.pro.zacinajiciho.kata-dvdrip.felix.mkv
DONE	/Volumes/分类/CULT·实验/入谜	completed 2026-06-15 10:15:53; output=/Volumes/分类/CULT·实验/入谜.Ecstasy.1933.mkv
DONE	/Volumes/分类/CULT·实验/博物馆的来访者	completed 2026-06-15 10:17:15; output=/Volumes/分类/CULT·实验/博物馆的来访者.mkv
DONE	/Volumes/分类/CULT·实验/复活的托托	completed 2026-06-15 10:22:26; output=/Volumes/分类/CULT·实验/Totò che visse due volte.mkv
DONE	/Volumes/分类/CULT·实验/夏日吊带裙	completed 2026-06-15 10:22:35; output=/Volumes/分类/CULT·实验/Francois.Ozon_Une.robe.d__ete_1996_15mn08.mkv
DONE	/Volumes/分类/CULT·实验/家庭教师	completed 2026-06-15 10:23:26; output=/Volumes/分类/CULT·实验/家庭教师_Mademoiselle.mkv
DONE	/Volumes/分类/CULT·实验/小径分岔的花园	completed 2026-06-15 10:23:49; output=/Volumes/分类/CULT·实验/Сад_(реж._А._Кайдановский).mkv
DONE	/Volumes/分类/CULT·实验/巴塔沙历险记	completed 2026-06-15 10:30:57; output=/Volumes/分类/CULT·实验/(巴塔沙历险记)niezwykla.podroz.baltazara.kobera.mkv
DONE	/Volumes/分类/CULT·实验/打尸噎	completed 2026-06-15 10:31:42; output=/Volumes/分类/CULT·实验/Hukkle.mkv
DONE	/Volumes/分类/CULT·实验/撒旦狂想曲	completed 2026-06-15 10:32:18; output=/Volumes/分类/CULT·实验/Rapsodia_Satanica-N.Oxilia_1917.mkv
DONE	/Volumes/分类/CULT·实验/柳条人/[异教徒].The.Wicker.Man.1973.DVDRip.DivX-SEVcD.avi	completed 2026-06-15 10:33:52; output=/Volumes/分类/CULT·实验/柳条人/异教徒.The.Wicker.Man.1973.DVDRip.DivX-SEVcD.mkv
DONE	/Volumes/分类/CULT·实验/爱丽丝最后的逃离	completed 2026-06-15 10:34:32; output=/Volumes/分类/CULT·实验/[爱丽丝最后的逃离].Alice.ou.la.derniere.mkv
DONE	/Volumes/分类/CULT·实验/神奇女孩	completed 2026-06-15 10:39:20; output=/Volumes/分类/CULT·实验/Magical girl (HDRip) (Elitetorrent.net).mkv
DONE	/Volumes/分类/CULT·实验/红发女郎	completed 2026-06-15 10:39:54; output=/Volumes/分类/CULT·实验/红发女郎.Tatsumi.Kumashiro.-.Akai.Kami.No.Onna.The.Woman.With.Red.Hair.1979.mkv
DONE	/Volumes/分类/CULT·实验/花园惊魂夜	completed 2026-06-15 10:40:46; output=/Volumes/分类/CULT·实验/La_Residencia_(1969).mkv
DONE	/Volumes/分类/CULT·实验/蔷薇的葬礼	completed 2026-06-15 10:41:42; output=/Volumes/分类/CULT·实验/蔷薇的葬礼.Funeral.Parade.Of.Roses.Toshio.Matsumoto,.1969.Dvdrip.English.mkv
DONE	/Volumes/分类/CULT·实验/蝴蝶	completed 2026-06-15 10:42:27; output=/Volumes/分类/CULT·实验/Leptirica.mkv
DONE	/Volumes/分类/CULT·实验/豚鸡心中	completed 2026-06-15 10:43:06; output=/Volumes/分类/CULT·实验/PigChickenSuicide.mkv
DONE	/Volumes/分类/CULT·实验/饕餮之徒	completed 2026-06-15 10:44:19; output=/Volumes/分类/CULT·实验/饕餮之徒.La.Grande.bouffe.French.lang.English.Sub.Xvid.mkv
DONE	/Volumes/分类/黑色电影/伸冤记	completed 2026-06-15 10:46:00; output=/Volumes/分类/黑色电影/伸冤记.The.Wrong.Man.1956.WS.DVDRip.XviD-FRAGMENT.mkv
DONE	/Volumes/分类/黑色电影/情迷意乱	completed 2026-06-15 10:47:38; output=/Volumes/分类/黑色电影/FILM NOIR-Joan Crawford - Daisy Kenyon (1947) Dana Andrews, Henry Fonda DVDRip XViD.mkv
DONE	/Volumes/分类/黑色电影/柳巷芳草	completed 2026-06-15 10:49:29; output=/Volumes/分类/黑色电影/柳巷芳草Klute1971.mkv
FAILED	/Volumes/分类/黑色电影/步步惊魂	unexpected files found in /Volumes/分类/黑色电影/步步惊魂
DONE	/Volumes/分类/黑色电影/湖上艳尸	completed 2026-06-15 10:50:10; output=/Volumes/分类/黑色电影/[0720]湖上艳尸.Lady.in.the.Lake.1947.DVDRip.XviD-iMMORTALs.mkv
DONE	/Volumes/分类/黑色电影/漩涡之外	completed 2026-06-15 10:51:49; output=/Volumes/分类/黑色电影/Out.of.the.Past.mkv
DONE	/Volumes/分类/黑色电影/煤气灯下	completed 2026-06-15 10:53:18; output=/Volumes/分类/黑色电影/煤气灯下.Gaslight.1944.DVDRip.XviD.mkv
DONE	/Volumes/分类/黑色电影/玻璃钥匙	completed 2026-06-15 10:54:59; output=/Volumes/分类/黑色电影/The.Glass.Key.1942.XviD.mkv
FAILED	/Volumes/分类/黑色电影/痛苦的报酬	unexpected files found in /Volumes/分类/黑色电影/痛苦的报酬
DONE	/Volumes/分类/黑色电影/盖世枭雄	completed 2026-06-15 10:59:07; output=/Volumes/分类/黑色电影/Key Largo (1948).mkv
DONE	/Volumes/分类/黑色电影/罗拉秘史	completed 2026-06-15 10:59:39; output=/Volumes/分类/黑色电影/Laura.1944.DVDRip.x264.mkv
DONE	/Volumes/分类/黑色电影/罪魁伏法记	completed 2026-06-15 11:01:50; output=/Volumes/分类/黑色电影/Odds Against Tomorrow (1959).mkv
DONE	/Volumes/分类/黑色电影/蓝色大丽花	completed 2026-06-15 11:03:33; output=/Volumes/分类/黑色电影/The.Blue.Dahlia.(1946).DVDRip.XviD.Wolfman.mkv
FAILED	/Volumes/分类/黑色电影/邮差总按两次铃	subtitle disc marker mismatch: movie=cd1 includes cd2 subtitle; manual review required
DONE	/Volumes/分类/黑色电影/金臂人	completed 2026-07-16 17:25:59; output=/Volumes/分类/黑色电影/The_Man_with_the_Golden_Arm_(1955).mkv
DONE	/Volumes/分类/黑色电影/魂断今宵	completed 2026-07-15 16:26:13; output=/Volumes/分类/黑色电影/魂断今宵1952_-_Angel_Face_-_Robert_Mitchum_-_Jean_Simmons.mkv
DONE	/Volumes/分类/西部/原野铁汉	completed 2026-07-15 16:30:29; output=/Volumes/分类/西部/HUD 1963.DVDrip.by_Galmuchet.mkv
DONE	/Volumes/分类/西部/西部世界	completed 2026-07-15 16:34:05; output=/Volumes/分类/西部/Westworld (1973) DVDRip Xvid AC3-ShitBusters.mkv
DONE	/Volumes/分类/西部/赛伊特•汉	completed 2026-07-15 16:38:19; output=/Volumes/分类/西部/Yilmaz_Güney-Seyyit_Han_(1968).mkv
DONE	/Volumes/分类/西部/金沙镇	completed 2026-07-15 16:42:26; output=/Volumes/分类/西部/金沙镇.Yellow.Sky.1949.DVDRip.XviD-AEN.mkv
DONE	/Volumes/分类/音乐/乐队造访	completed 2026-07-15 17:43:37; output=/Volumes/分类/音乐/乐队造访.The.Bands.Visit.2007.LiMiTED.DVDRiP.XViD-HLS.mkv
DONE	/Volumes/分类/音乐/十字街头	completed 2026-07-15 17:45:48; output=/Volumes/分类/音乐/十字街头.Crossroads.1986.DVDRip.XviD-SMoR.mkv
DONE	/Volumes/分类/音乐/安娜	completed 2026-07-15 17:50:53; output=/Volumes/分类/音乐/Anna.1967.DVDRip.XviD-CG.mkv
DONE_REVIEW	/Volumes/分类/音乐/小王子音乐剧/Le_Petit_Prince_ch	output completed with mkvmerge warning: 2 SSA lines skipped due invalid timestamps; review subtitle completeness
DONE	/Volumes/分类/音乐/期待幸福	completed 2026-07-15 17:55:35; output=/Volumes/分类/音乐/Heremakono_[Drama-2002][Mauritania][DVDRip][VOSE].mkv
DONE	/Volumes/分类/战争/刽子手就在我们中间	completed 2026-07-16 17:31:26; output=/Volumes/分类/战争/The.Murderers.Are.Among.Us.1946.DVDRip.XviD-MOC.mkv
DONE	/Volumes/分类/战争/带黑色标记的白鸟	completed 2026-07-15 17:59:01; output=/Volumes/分类/战争/Belaja.ptica.s.chernoj.otmetinoj.1971.SATRip.mkv
DONE	/Volumes/分类/战争/德国,苍白的母亲	completed 2026-07-15 18:03:13; output=/Volumes/分类/战争/德国,苍白的母亲.GERMANY_PALE_MOTHER.mkv
DONE	/Volumes/分类/战争/德里纳河进行曲	completed 2026-07-15 18:07:16; output=/Volumes/分类/战争/Mars_na_drinu.mkv
DONE	/Volumes/分类/战争/欧洲的某个地方	completed 2026-07-15 18:10:00; output=/Volumes/分类/战争/欧洲的某个地方.mkv
DONE	/Volumes/分类/战争/燃烧，燃烧，我的星	completed 2026-07-15 18:16:28; output=/Volumes/分类/战争/gori.gori.moya.zvezda.mkv
DONE	/Volumes/分类/战争/西线战场	completed 2026-07-15 18:22:25; output=/Volumes/分类/战争/西线战场1918Westfront_1918.mkv
DONE	/Volumes/分类/战争/返乡	completed 2026-07-15 18:25:38; output=/Volumes/分类/战争/荣归.Coming_Home.mkv
DONE	/Volumes/分类/战争/通向自由之路	completed 2026-07-15 18:30:45; output=/Volumes/分类/战争/自由女战士 Libertarias.mkv
DONE	/Volumes/分类/爱情/如何被爱	completed 2026-07-15 20:53:56; output=/Volumes/分类/爱情/如何被爱.mkv
DONE	/Volumes/分类/爱情/悲情花街	completed 2026-07-15 21:08:31; output=/Volumes/分类/爱情/G.W.Pabst.Die.Freudlose.Gasse.aka.Joyless.Street.1925-SMz.mkv
DONE	/Volumes/分类/爱情/我爱，依旧	completed 2026-07-15 21:09:38; output=/Volumes/分类/爱情/lovely.still.2008.dvdrip.xvid-lpd.mkv
DONE	/Volumes/分类/爱情/重生之爱	completed 2026-07-15 21:11:39; output=/Volumes/分类/爱情/DESPABILATE_AMOR.mkv
DONE	/Volumes/分类/纪录/60年代的伯克利	completed 2026-07-15 21:12:36; output=/Volumes/分类/纪录/Berkeley.in.the.Sixties.1990.DVDRiP.XViD-DRAGONETTA.mkv
DONE	/Volumes/分类/纪录/兴盛	completed 2026-07-15 21:19:23; output=/Volumes/分类/纪录/Thrive 2011 720p BRRip x264 AAC-26K.mkv
DONE	/Volumes/分类/纪录/天涯海角/1929.Finis Terrae（英）Jean Epstein	completed 2026-07-15 21:21:22; output=/Volumes/分类/纪录/天涯海角/1929 Finis Terrae.mkv
DONE	/Volumes/分类/纪录/我仍然坚信……	completed 2026-07-16 manual recovery after interrupted verified move; output=/Volumes/分类/纪录/M.Romm.M.Hutsiev.-.I.vse-taki.ja.verju.mkv
DONE	/Volumes/分类/纪录/摄影师的城市	completed 2026-07-16 07:02:25; output=/Volumes/分类/纪录/摄影师的城市：皮诺切特统治下的圣地亚哥La ciudad de los fotografos.mkv
DONE	/Volumes/分类/纪录/欢迎来朝鲜!	completed 2026-07-16 07:05:05; output=/Volumes/分类/纪录/Welcome to North Korea (2009).mkv
DONE	/Volumes/分类/纪录/禁忌艺术的荒漠	completed 2026-07-16 07:10:00; output=/Volumes/分类/纪录/DOFA_DVD_NTSC.mkv
DONE	/Volumes/分类/纪录/街拍皇帝	completed 2026-07-16 07:10:31; output=/Volumes/分类/纪录/街拍鼻祖比尔.Bill.Cunningham.New.York.2010.LIMITED.DVDRip.XviD-IGUANA.qvocd.com.mkv
DONE	/Volumes/分类/纪录/通向力与美之路	completed 2026-07-16 07:19:09; output=/Volumes/分类/纪录/Wege Zu Kraft und Schonheit.mkv
DONE	/Volumes/分类/科幻·奇幻/下一个世纪	completed 2026-07-16 07:11:05; output=/Volumes/分类/科幻·奇幻/Wojna.Swiatow.Nastepne.Stulecie.1981.PL.DVDRip.XviD-ZR.mkv
DONE	/Volumes/分类/科幻·奇幻/世界图解	completed 2026-07-16 07:22:33; output=/Volumes/分类/科幻·奇幻/Orbis Pictus (1997).mkv
DONE	/Volumes/分类/科幻·奇幻/亚哈船长	completed 2026-07-16 07:26:23; output=/Volumes/分类/科幻·奇幻/Capitaine.Achab.2007.mkv
DONE	/Volumes/分类/科幻·奇幻/仙女	completed 2026-07-16 07:30:56; output=/Volumes/分类/科幻·奇幻/La.Fee.2011.DVDRip.XviD.HORiZON-ArtSubs.mkv
DONE	/Volumes/分类/科幻·奇幻/宇宙	completed 2026-07-16 07:35:42; output=/Volumes/分类/科幻·奇幻/Kosmos+-+Reha+Erdem+(2010).mkv
DONE	/Volumes/分类/科幻·奇幻/摇篮曲	completed 2026-07-16 07:43:26; output=/Volumes/分类/科幻·奇幻/Iavnana+aka+Lullaby+(1994).mkv
DONE	/Volumes/分类/科幻·奇幻/新外星人	completed 2026-07-16 07:45:15; output=/Volumes/分类/科幻·奇幻/Mac and Me.1988.DVDRip.AC3.XviD-ShitBusters.mkv
DONE	/Volumes/分类/科幻·奇幻/死者来信	completed 2026-07-16 07:49:14; output=/Volumes/分类/科幻·奇幻/Pisma mertvogo cheloveka.mkv
DONE	/Volumes/分类/科幻·奇幻/灵魂啊！你在何方？	completed 2026-07-16 07:49:45; output=/Volumes/分类/科幻·奇幻/Possible_Worlds_(_Robert_Lepage)_-_(science-fiction).mkv
DONE	/Volumes/分类/科幻·奇幻/烈焰焚树	completed 2026-07-16 07:50:36; output=/Volumes/分类/科幻·奇幻/1981.Konopielka.mkv
DONE	/Volumes/分类/科幻·奇幻/空气之魂，云之精灵	completed 2026-07-16 07:51:13; output=/Volumes/分类/科幻·奇幻/Spirits Of The Air Gremlins Of The Clouds.mkv
DONE	/Volumes/分类/科幻·奇幻/萨拉戈萨手稿	completed 2026-07-16 08:00:28; output=/Volumes/分类/科幻·奇幻/Rekopis znaleziony w Saragossie.mkv
DONE	/Volumes/分类/科幻·奇幻/迷影仙踪	completed 2026-07-16 07:52:12; output=/Volumes/分类/科幻·奇幻/Photographing_Fairies_(EN)_(1997).mkv
DONE	/Volumes/分类/科幻·奇幻/黑星球	completed 2026-07-16 08:06:56; output=/Volumes/分类/科幻·奇幻/Dark_Star.mkv
DONE	/Volumes/分类/短篇集/多妻朝圣者	completed 2026-07-16 08:07:08; output=/Volumes/分类/短篇集/le.wazzou.polygame.mkv
DONE	/Volumes/分类/短篇集/歌谣	completed 2026-07-16 08:07:22; output=/Volumes/分类/短篇集/Ivanyi Marcell - 2005 - Ballada [matamoscas].DVBRip.x264.AC3.mkv
DONE	/Volumes/分类/短篇集/淘气学童	completed 2026-07-16 08:07:45; output=/Volumes/分类/短篇集/snova_v_shkolu_[torrents.ru]_by_bm11.mkv
DONE	/Volumes/分类/短篇集/芭蕾舞者	completed 2026-07-16 08:11:10; output=/Volumes/分类/短篇集/1911 - Balletdanserinden [August Blom].mkv
DONE	/Volumes/分类/合集/要分类/玩偶	completed 2026-07-16 08:15:06; output=/Volumes/分类/合集/要分类/Lalka.1968.Wojciech.Has-SMz.mkv
DONE	/Volumes/分类/合集/要分类/再见	completed 2026-07-16 08:18:02; output=/Volumes/分类/合集/要分类/Pozegnania.mkv
FAILED	/Volumes/分类/合集/要分类/执斧人	subtitle UTF-8 normalization failed: /Volumes/分类/合集/要分类/执斧人/英字Siekierezada aka Axiliad v3.srt
DONE	/Volumes/分类/合集/要分类/(1929)诱惑	completed 2026-07-16 08:19:51; output=/Volumes/分类/合集/要分类/Erotikon.1929.DVDRip.XviD-SCHWEiK.mkv
DONE	/Volumes/分类/合集/要分类/(1931)星期六到星期日 Ze soboty na nedeli	completed 2026-07-16 08:20:49; output=/Volumes/分类/合集/要分类/Ze-soboty-na-nedeli.mkv
DONE	/Volumes/分类/合集/要分类/(1932)枪手安东 斯皮尔莱克 Anton Spelec, ostrostrelec	completed 2026-07-16 08:23:15; output=/Volumes/分类/合集/要分类/aso-pivo.mkv
DONE	/Volumes/分类/合集/要分类/(1939)克里斯蒂安 Kristián	completed 2026-07-16 08:27:11; output=/Volumes/分类/合集/要分类/KRISTIAN.1939.DVDRip.Xvid.MP3.GTK.mkv
DONE	/Volumes/分类/合集/要分类/(1958)渴望 Touha	completed 2026-07-16 08:28:32; output=/Volumes/分类/合集/要分类/Touha-1958-cz.dub.mkv
DONE	/Volumes/分类/合集/要分类/(1958)狼的圈套 Vlčí jáma	completed 2026-07-16 08:31:34; output=/Volumes/分类/合集/要分类/vlci-jama-psychologicke-drama-ceskoslovensko-1957-sten-ok_3.mkv
DONE	/Volumes/分类/合集/要分类/(1959)仲夏夜之梦 Sen noci svatojánské	completed 2026-07-16 08:33:13; output=/Volumes/分类/合集/要分类/《仲夏夜之梦》(A Midsummer Night's Dream)1959 捷克木偶动画[DVDRip].mkv
DONE	/Volumes/分类/合集/要分类/(1960)球迷	completed 2026-07-16 08:35:15; output=/Volumes/分类/合集/要分类/球迷_Skalní v ofsajde.mkv
DONE	/Volumes/分类/合集/要分类/(1963)宇宙终点之旅 Ikarie XB 1	completed 2026-07-16 08:37:04; output=/Volumes/分类/合集/要分类/Ikarie_XB_1.mkv
DONE	/Volumes/分类/合集/要分类/(1964)每天勇气多一些 Kazdy den odvahu	completed 2026-07-16 08:39:30; output=/Volumes/分类/合集/要分类/Kazdy.den.odvahu_bbb7.mkv
DONE	/Volumes/分类/合集/要分类/(1964)啤酒花采集者 Starci na chmelu	completed 2026-07-16 08:41:05; output=/Volumes/分类/合集/要分类/Starci-na-chmelu-AVI-CZ.mkv
DONE	/Volumes/分类/合集/要分类/(1965)赤脚钟声	completed 2026-07-16 08:43:05; output=/Volumes/分类/合集/要分类/赤脚钟声Zvony pre bosych (1965).mkv
DONE	/Volumes/分类/合集/要分类/(1965)幕后的人	completed 2026-07-16 08:46:21; output=/Volumes/分类/合集/要分类/The Sheriff Behind Bars DVDRip.mkv
DONE	/Volumes/分类/合集/要分类/(1965)逝水年华 Intimní osvětlení	completed 2026-07-16 08:48:54; output=/Volumes/分类/合集/要分类/[逝水年华].Intimate.Lighting.1966.DVDRip.XviD-WRD.mkv
DONE	/Volumes/分类/合集/要分类/(1965)约瑟夫·基利安 Postava k podpírání	completed 2026-07-16 08:50:16; output=/Volumes/分类/合集/要分类/Postava k podpirani (1963).mkv
DONE	/Volumes/分类/合集/要分类/(1966)活着的苦难	completed 2026-07-16 17:33:53; output=/Volumes/分类/合集/要分类/活着的苦难.zivy.bic.mkv
DONE	/Volumes/分类/合集/要分类/(1966)行刑手	completed 2026-07-16 08:52:20; output=/Volumes/分类/合集/要分类/Majster.Kat.1966.DVDRip.XviD-WRD.mkv
DONE	/Volumes/分类/合集/要分类/(1967)魔鬼的契约	completed 2026-07-16 17:35:35; output=/Volumes/分类/合集/要分类/Zmluva.S.Diablom.1967.DVDRip.XviD-WRD.mkv
DONE	/Volumes/分类/合集/要分类/(1968)亲和力 Spřízněni volbou	completed 2026-07-16 08:54:13; output=/Volumes/分类/合集/要分类/Spřízněni-volbou_CT-2_17_07_2008_01_39_02.mpeg.mkv
DONE	/Volumes/分类/合集/要分类/(1969)被浪费的星期天 Zabitá neděle	completed 2026-07-16 08:56:42; output=/Volumes/分类/合集/要分类/Zabitá_neděle_(Drahomíra_Vihanová,_1969).mkv
DONE	/Volumes/分类/合集/要分类/(1969)第七日，第八夜 Den sedmý, osmá noc	completed 2026-07-16 09:00:58; output=/Volumes/分类/合集/要分类/den.sedmy.osma.noc-dvdrip.felix.mkv
DONE	/Volumes/分类/合集/要分类/(1969)牧师的结局 Faráruv konec	completed 2026-07-16 09:03:04; output=/Volumes/分类/合集/要分类/Fararuv.Konec.1969.DVDRip.Xvid.CZ-capo.mkv
DONE	/Volumes/分类/合集/要分类/(1969)葬礼 Smutecni slavnost	completed 2026-07-16 09:05:31; output=/Volumes/分类/合集/要分类/Smuteční-slavnost-Sirový-1969.mkv
DONE	/Volumes/分类/合集/要分类/(1969)植物园的狂欢 Slávnost v botanickej záhrade	completed 2026-07-16 17:37:25; output=/Volumes/分类/合集/要分类/植物园的狂欢.slavnost.v.botanickej.zahrade.xvid.sk_bbb7.mkv
DONE	/Volumes/分类/合集/要分类/(1970)看啊，霍莫尔卡 Ecce Homo Homolka	completed 2026-07-16 09:07:09; output=/Volumes/分类/合集/要分类/Ecce-homo-Homolka-(1969)_2.mkv
DONE	/Volumes/分类/合集/要分类/(1970)瓦莱莉和她的奇迹一周 Valerie a týden divů	completed 2026-07-16 09:08:55; output=/Volumes/分类/合集/要分类/[瓦莱莉和她的奇迹一周].Valerie.and.Her.Week.of.Wonders.1970.WS.DVDRip.XviD.mkv
DONE	/Volumes/分类/合集/要分类/(1989)我爱,你爱 Ja milujem, ty milujes	completed 2026-07-16 09:10:59; output=/Volumes/分类/合集/要分类/JA.MILUJEM.TY.MILUJES.1980.DVDRip.Xvid.MP3.SK.GTK.mkv
DONE	/Volumes/分类/合集/要分类/(1991)烟 Kouř	completed 2026-07-16 09:12:37; output=/Volumes/分类/合集/要分类/kour-kinobox.mkv
DONE	/Volumes/分类/合集/要分类/(1992)我所爱的一切 Všetko čo mám rád	completed 2026-07-16 09:14:14; output=/Volumes/分类/合集/要分类/Vsetko-co-mam-rad_2.mkv
DONE	/Volumes/分类/合集/要分类/(1995)花园 Záhrada	completed 2026-07-16 17:41:23; output=/Volumes/分类/合集/要分类/Zahrada(1995).mkv
DONE	/Volumes/分类/合集/要分类/一夕风流恨事多	completed 2026-07-16 09:15:35; output=/Volumes/分类/合集/要分类/一夕风流恨事多A_Kind_of_Loving_(John_Schlesinger,_1962).mkv
DONE	/Volumes/分类/合集/要分类/巴勒摩或沃夫斯堡	completed 2026-07-16 09:20:57; output=/Volumes/分类/合集/要分类/巴勒摩或沃夫斯堡.mkv
DONE	/Volumes/分类/合集/要分类/38th.1981.[德国姊妹].Bleierne Zeit, Die	completed 2026-07-16 09:23:50; output=/Volumes/分类/合集/要分类/德国姊妹.Las hermanas alemanas-Anni di piombo  - Margarethe von Trotta (1981).mkv
DONE_REVIEW	/Volumes/分类/合集/AFI百年百部经典/【飞屋】AFI's.100.Years.100.Movies-Part7	output completed, but folder was not removed: /Volumes/分类/合集/AFI百年百部经典/Part7.爱的迷惘.Wilder.Shores.of.Love.DVDRip.x264-AeroHut.mkv
DONE_REVIEW	/Volumes/分类/合集/AFI百年百部经典/【飞屋】AFI's.100.Years.100.Movies-Part8	output completed, but folder was not removed: /Volumes/分类/合集/AFI百年百部经典/Part8.另类英雄.Anti.Heroes.DVDRip.x264-AeroHut.mkv
DONE	/Volumes/分类/名著改编/卡夫卡电影作品集/变形记	completed; cleaned __MACOSX metadata residue after verified output
DONE	/Volumes/分类/名著改编/卡夫卡电影作品集/美国	completed 2026-07-16 09:28:54; output=/Volumes/分类/名著改编/卡夫卡电影作品集/Amerika.mkv
DONE	/Volumes/分类/喜剧/仲夏日的微笑	completed 2026-07-16 09:31:45; output=/Volumes/分类/喜剧/仲夏日的微笑.A.Midsummer.Days.Smile.1963.DVDRip.XviD-LAP.mkv
DONE	/Volumes/分类/喜剧/哦，闪人	completed 2026-07-16 09:32:15; output=/Volumes/分类/喜剧/Vrchní,_prchni!_(1980)_Run_Waiter_Run.mkv
DONE	/Volumes/分类/喜剧/图潘	completed; Russian subtitle confirmed acceptable by user
DONE	/Volumes/分类/喜剧/年轻人	completed 2026-07-16 09:39:01; output=/Volumes/分类/喜剧/Joseph_Andrews_(1977).mkv
DONE	/Volumes/分类/喜剧/悲欢岁月	completed 2026-07-16 09:39:37; output=/Volumes/分类/喜剧/悲欢岁月.The.Butcher.Boy.1997.DVDRip.XviD-FRAGMENT.mkv
DONE	/Volumes/分类/喜剧/求偶记	completed 2026-07-16 09:41:23; output=/Volumes/分类/喜剧/Ett_farligt_frieri.mkv
DONE	/Volumes/分类/喜剧/特鲁布纳亚路的房子	completed 2026-07-16 09:41:52; output=/Volumes/分类/喜剧/Dom_na_Trubnoy_(Barnet,_1928).mkv
DONE	/Volumes/分类/喜剧/肥仔的性幻想	completed 2026-07-16 09:45:57; output=/Volumes/分类/喜剧/Fatso.2008.BRRip.XviD.AC3-PHOENiX.mkv
DONE	/Volumes/分类/喜剧/道别派对/Mita.Tova.2014.DVDRIP.XVID.AC3	completed 2026-07-16 09:47:46; output=/Volumes/分类/喜剧/道别派对/Mita.Tova.2014.DVDRIP.XVID.AC3.mkv
DONE	/Volumes/分类/喜剧/鞋子	completed 2026-07-16 09:49:37; output=/Volumes/分类/喜剧/[1998] Kurpe [RUS; LAT].mkv
DONE	/Volumes/分类/惊悚·犯罪·动作/二号铁轨	completed 2026-07-16 09:49:58; output=/Volumes/分类/惊悚·犯罪·动作/1962-dollhead-das_zweite_gleis.mkv
DONE	/Volumes/分类/惊悚·犯罪·动作/五匹之绅士	completed 2026-07-16 09:50:44; output=/Volumes/分类/惊悚·犯罪·动作/五匹之绅士Cash Call Hell Dvdrip 1966 Hideo Gosha.mkv
DONE	/Volumes/分类/惊悚·犯罪·动作/后院	completed 2026-07-16 09:51:44; output=/Volumes/分类/惊悚·犯罪·动作/后院.Backyard.2009.DVDRip.XviD-VoMiT.mkv
DONE	/Volumes/分类/惊悚·犯罪·动作/暗夜心声	completed 2026-07-16 09:52:42; output=/Volumes/分类/惊悚·犯罪·动作/Straight Time (1978).mkv
DONE	/Volumes/分类/惊悚·犯罪·动作/最毒妇人心	completed 2026-07-16 17:45:15; output=/Volumes/分类/惊悚·犯罪·动作/最毒妇人心.Hush.Hush,.Sweet.Charlotte.1964.mkv
DONE	/Volumes/分类/惊悚·犯罪·动作/江湖龙虎	completed 2026-07-16 09:56:21; output=/Volumes/分类/惊悚·犯罪·动作/Borsalino.1970-SMz.mkv
DONE	/Volumes/分类/惊悚·犯罪·动作/玛格丽特的后宫	completed 2026-07-16 09:57:07; output=/Volumes/分类/惊悚·犯罪·动作/The.Harem.1967.mkv
DONE	/Volumes/分类/惊悚·犯罪·动作/硬漢子	completed 2026-07-16 09:59:17; output=/Volumes/分类/惊悚·犯罪·动作/硬漢子.Kremen.mkv
DONE	/Volumes/分类/惊悚·犯罪·动作/神秘之书	completed 2026-07-16 10:00:23; output=/Volumes/分类/惊悚·犯罪·动作/1 (2009).mkv
DONE	/Volumes/分类/惊悚·犯罪·动作/翌日	completed 2026-07-16 10:02:27; output=/Volumes/分类/惊悚·犯罪·动作/Masnap+(2004)+(Attila+Janisch).mkv
DONE	/Volumes/分类/惊悚·犯罪·动作/老千兵团	completed 2026-07-16 10:08:12; output=/Volumes/分类/惊悚·犯罪·动作/Ruba Al Prossimo Tuo.1969.mkv
DONE	/Volumes/分类/惊悚·犯罪·动作/警方热线110/2012 - 警方热线110：猛禽 Polizeiruf 110 Raubvögel	completed 2026-07-16 10:10:58; output=/Volumes/分类/惊悚·犯罪·动作/警方热线110/警方热线110：猛禽.Polizeiruf.110.Raubvögel.2012.mkv
DONE	/Volumes/分类/惊悚·犯罪·动作/警方热线110/2013 - 警方热线110-渔夫之战 Polizeiruf 110 Fischerkrieg	completed 2026-07-16 10:13:44; output=/Volumes/分类/惊悚·犯罪·动作/警方热线110/警方热线110-渔夫之战.Polizeiruf.110.Fischerkrieg.2013.mkv
DONE	/Volumes/分类/惊悚·犯罪·动作/警方热线110/2015 - 警方热线110：圆圈 Polizeiruf 110- Kreise	completed 2026-07-16 10:17:47; output=/Volumes/分类/惊悚·犯罪·动作/警方热线110/警方热线110：圆圈.Polizeiruf.110-.Kreise.2015.mkv
DONE	/Volumes/分类/惊悚·犯罪·动作/随想曲	completed 2026-07-16 10:23:09; output=/Volumes/分类/惊悚·犯罪·动作/capricci.mkv
DONE_REVIEW	/Volumes/分类/惊悚·犯罪·动作/黑色星期天	mkvmerge warned about skipped invalid media data; review audio/video sync before deleting source; output=/Volumes/分类/惊悚·犯罪·动作/黑色星期天.Black.Sunday.1977.mkv
DONE	/Volumes/分类/青春·儿童/我的朋友珀西	completed 2026-07-16 10:26:05; output=/Volumes/分类/青春·儿童/Min.van.Percys.magiska.gymnastikskor.1994.mkv
DONE	/Volumes/分类/青春·儿童/时光与成长	completed 2026-07-16 17:51:33; output=/Volumes/分类/青春·儿童/Beş vakit ('Times and Winds') (2006).mkv
