folder	reason	detail
/Volumes/导演们/拉斯·冯·特里尔/曼德勒	not a single movie folder	movies=2 root_subtitles=2 sidecars=0 unsupported=0 subdirs=0 other_files=0
/Volumes/导演们/安杰伊·瓦依达/入侵立陶宛	not a single movie folder	movies=2 root_subtitles=1 sidecars=1 unsupported=0 subdirs=0 other_files=0
/Volumes/导演们/安杰伊·瓦依达/婚礼	not a single movie folder	movies=2 root_subtitles=5 sidecars=0 unsupported=0 subdirs=0 other_files=0
/Volumes/导演们/安杰伊·瓦依达/灰烬/灰烬Popily	not a single movie folder	movies=0 root_subtitles=6 sidecars=0 unsupported=0 subdirs=0 other_files=0
/Volumes/导演们/大卫·林奇/妖夜荒踪	not a single movie folder	movies=0 root_subtitles=1 sidecars=0 unsupported=0 subdirs=0 other_files=0
/Volumes/导演们/弗里茨·朗/万里追踪	not a single movie folder	movies=0 root_subtitles=1 sidecars=1 unsupported=0 subdirs=0 other_files=1
/Volumes/导演们/弗里茨·朗/大内幕	not a single movie folder	movies=0 root_subtitles=1 sidecars=1 unsupported=0 subdirs=0 other_files=1
/Volumes/导演们/弗里茨·朗/狂怒	not a single movie folder	movies=0 root_subtitles=1 sidecars=1 unsupported=0 subdirs=0 other_files=1
/Volumes/导演们/弗里茨·朗/绿窗艳影	not a single movie folder	movies=0 root_subtitles=1 sidecars=1 unsupported=0 subdirs=0 other_files=1
/Volumes/导演们/清水宏	subdir is not subtitle-only or has unmatched sidecars	多谢先生: bad_subtitles=0 other=1
/Volumes/导演们/清水宏	subdir is not subtitle-only or has unmatched sidecars	按摩师与女人: bad_subtitles=0 other=1
/Volumes/导演们/清水宏	subdir is not subtitle-only or has unmatched sidecars	港口的日本姑娘: bad_subtitles=0 other=1
/Volumes/导演们/清水宏	subdir is not subtitle-only or has unmatched sidecars	簪: bad_subtitles=0 other=1
/Volumes/导演们/清水宏	subdir is not subtitle-only or has unmatched sidecars	风中的子供: bad_subtitles=0 other=1
/Volumes/导演们/让-克劳德·布里索/残酷的游戏	not a single movie folder	movies=2 root_subtitles=1 sidecars=0 unsupported=0 subdirs=0 other_files=0
/Volumes/导演们/让-克劳德·布里索/黑天使	not a single movie folder	movies=2 root_subtitles=3 sidecars=0 unsupported=0 subdirs=0 other_files=0
/Volumes/导演们/马丁·斯科塞斯/纯真年代	not a single movie folder	movies=2 root_subtitles=2 sidecars=2 unsupported=0 subdirs=0 other_files=0
/Volumes/导演们/马丁·斯科塞斯/美国电影之旅	not a single movie folder	movies=3 root_subtitles=3 sidecars=3 unsupported=0 subdirs=0 other_files=0
/Volumes/导演们/玛琳·黛德丽[演员]/Pittsburgh匹兹堡	not a single movie folder	movies=1 root_subtitles=0 sidecars=1 unsupported=0 subdirs=0 other_files=0
/Volumes/导演们/迈克尔·柯蒂斯/欲海情魔	not a single movie folder	movies=0 root_subtitles=1 sidecars=1 unsupported=0 subdirs=0 other_files=1
/Volumes/导演们/琪拉·穆拉托娃/一事二了/英文字幕	not a single movie folder	movies=0 root_subtitles=1 sidecars=1 unsupported=0 subdirs=0 other_files=0
/Volumes/导演们/琪拉·穆拉托娃/狂热/狂熱	not a single movie folder	movies=0 root_subtitles=1 sidecars=1 unsupported=0 subdirs=0 other_files=0
/Volumes/导演们/琪拉·穆拉托娃/衰弱症/Astenicheskiy sindrom (1989)	not a single movie folder	movies=0 root_subtitles=2 sidecars=0 unsupported=0 subdirs=0 other_files=0
/Volumes/导演们/琪拉·穆拉托娃/调音师/1CD	not a single movie folder	movies=0 root_subtitles=2 sidecars=0 unsupported=0 subdirs=0 other_files=0
/Volumes/导演们/阿莫多瓦/食男人肉的女议员	not a single movie folder	movies=0 root_subtitles=1 sidecars=0 unsupported=0 subdirs=0 other_files=1
/Volumes/导演们/阿涅斯·瓦尔达/一个唱,一个不唱	single movie with unmatched .sub sidecar	unmatched .sub sidecar: VTS_01_0.sub
/Volumes/导演们/阿涅斯·瓦尔达/小心太阳眼镜	subdir is not subtitle-only or has unmatched sidecars	关于《小心太阳眼镜》[英字]: bad_subtitles=0 other=1
/Volumes/导演们/阿涅斯·瓦尔达/阿涅斯·瓦尔达在这里和那里	not a single movie folder	movies=5 root_subtitles=5 sidecars=0 unsupported=0 subdirs=0 other_files=0
/Volumes/导演们/达内兄弟/一诺千金	not a single movie folder	movies=2 root_subtitles=3 sidecars=1 unsupported=0 subdirs=0 other_files=0
/Volumes/导演们/雷德利·斯科特/银翼杀手	subdir is not subtitle-only or has unmatched sidecars	危险的日子.银翼杀手制作始末: bad_subtitles=0 other=3
/Volumes/导演们/罗伯特·奥尔特曼/漫长的告别	single movie with unmatched .sub sidecar	unmatched .sub sidecar: VTS_01_0.sub
/Volumes/导演们/米洛斯·福尔曼/消防员舞会/字幕	not a single movie folder	movies=0 root_subtitles=1 sidecars=1 unsupported=0 subdirs=0 other_files=0
/Volumes/导演们/约翰·福特/安邦定国志	not a single movie folder	movies=2 root_subtitles=2 sidecars=0 unsupported=0 subdirs=0 other_files=0
/Volumes/导演们/约翰·卡萨维茨/权势下的女人	not a single movie folder	movies=2 root_subtitles=2 sidecars=0 unsupported=0 subdirs=0 other_files=0
/Volumes/导演们/约翰·卡萨维茨/爱的激流	not a single movie folder	movies=2 root_subtitles=2 sidecars=2 unsupported=0 subdirs=0 other_files=0
/Volumes/导演们/约翰·卡萨维茨/首演之夜	not a single movie folder	movies=2 root_subtitles=2 sidecars=0 unsupported=0 subdirs=0 other_files=0
/Volumes/导演们/法斯宾德/世界旦夕之间/字幕	not a single movie folder	movies=0 root_subtitles=2 sidecars=0 unsupported=0 subdirs=0 other_files=0
/Volumes/导演们/盖伊·马丁/钥匙孔/Subs	not a single movie folder	movies=0 root_subtitles=1 sidecars=1 unsupported=0 subdirs=0 other_files=0
/Volumes/导演们/深作欣二/华之乱	not a single movie folder	movies=2 root_subtitles=2 sidecars=0 unsupported=0 subdirs=0 other_files=0
/Volumes/导演们/施隆多夫/推销员之死	not a single movie folder	movies=3 root_subtitles=3 sidecars=0 unsupported=0 subdirs=0 other_files=0
/Volumes/导演们/特伦斯·戴维斯/特伦斯·戴维斯三部曲	not a single movie folder	movies=4 root_subtitles=3 sidecars=0 unsupported=0 subdirs=0 other_files=0
/Volumes/导演们/维拉·希蒂洛娃/不幸的事	not a single movie folder	movies=1 root_subtitles=0 sidecars=1 unsupported=0 subdirs=0 other_files=0
/Volumes/导演们/阿贝尔·冈斯/[决战奥斯特里兹].Austerlitz/french (ponctual) idx+sub	not a single movie folder	movies=0 root_subtitles=1 sidecars=1 unsupported=0 subdirs=0 other_files=0
/Volumes/导演们/贝拉·塔尔/麦莱锡福利旅店	not a single movie folder	movies=2 root_subtitles=1 sidecars=0 unsupported=0 subdirs=0 other_files=0
/Volumes/导演们/波·维德伯格/碧血黄花	not a single movie folder	movies=0 root_subtitles=1 sidecars=0 unsupported=0 subdirs=0 other_files=1
/Volumes/导演们/法兰提塞·维拉席/(1967)乱世英豪 Marketa Lazarová (1967)	not a single movie folder	movies=2 root_subtitles=2 sidecars=2 unsupported=0 subdirs=0 other_files=0
/Volumes/导演们/费尔南多·索拉纳斯/旅程	not a single movie folder	movies=2 root_subtitles=2 sidecars=0 unsupported=0 subdirs=0 other_files=0
/Volumes/导演们/费尔南多·索拉纳斯/燃火的时刻	not a single movie folder	movies=3 root_subtitles=6 sidecars=0 unsupported=0 subdirs=0 other_files=0
/Volumes/导演们/阿莱克斯·德拉·伊格来希亚/800颗子弹	not a single movie folder	movies=1 root_subtitles=0 sidecars=1 unsupported=0 subdirs=0 other_files=0
/Volumes/导演们/阿历克塞·巴拉巴诺夫/吗啡	not a single movie folder	movies=0 root_subtitles=3 sidecars=0 unsupported=0 subdirs=0 other_files=1
/Volumes/导演们/阿历克塞·巴拉巴诺夫/城堡	not a single movie folder	movies=2 root_subtitles=2 sidecars=0 unsupported=0 subdirs=0 other_files=0
/Volumes/导演们/埃利达尔·梁赞诺夫	subdir is not subtitle-only or has unmatched sidecars	命运的捉弄: bad_subtitles=0 other=2
/Volumes/导演们/埃利达尔·梁赞诺夫	subdir is not subtitle-only or has unmatched sidecars	意大利人在俄罗斯的奇遇: bad_subtitles=0 other=1
/Volumes/导演们/埃利达尔·梁赞诺夫/命运的捉弄	not a single movie folder	movies=2 root_subtitles=2 sidecars=0 unsupported=0 subdirs=0 other_files=0
/Volumes/导演们/梅尔维尔/海之沉默/字幕	not a single movie folder	movies=0 root_subtitles=2 sidecars=2 unsupported=0 subdirs=0 other_files=0
/Volumes/导演们/帕索里尼/罗马妈妈	subdir is not subtitle-only or has unmatched sidecars	zimu: bad_subtitles=0 other=1
/Volumes/导演们/帕索里尼/罗马妈妈/zimu	not a single movie folder	movies=0 root_subtitles=4 sidecars=0 unsupported=0 subdirs=1 other_files=0
/Volumes/导演们/帕索里尼/罗马妈妈/zimu/06.27.04.Mamma.Roma.CnEn.SUB.PROD.NTK	not a single movie folder	movies=0 root_subtitles=3 sidecars=0 unsupported=0 subdirs=0 other_files=0
/Volumes/导演们/佩德罗·科斯塔/何处安放你藏起的笑容	single movie with unmatched .sub sidecar	unmatched .sub sidecar: 何处安放你藏起的笑容.Ou.git.votre.sourire.enfoui.2001.DVDRip.XviD-rb.sub
/Volumes/导演们/是枝裕和/奇迹	not a single movie folder	movies=0 root_subtitles=2 sidecars=2 unsupported=0 subdirs=0 other_files=2
/Volumes/导演们/是枝裕和/距离	not a single movie folder	movies=2 root_subtitles=2 sidecars=2 unsupported=0 subdirs=0 other_files=0
/Volumes/导演们/朱拉·亚库比斯克/背信者与流浪汉	not a single movie folder	movies=2 root_subtitles=4 sidecars=0 unsupported=0 subdirs=0 other_files=0
/Volumes/导演们/朱拉·亚库比斯克/羽毛精灵	not a single movie folder	movies=1 root_subtitles=0 sidecars=1 unsupported=0 subdirs=0 other_files=0
/Volumes/导演们/安德烈·塔尔科夫斯基/安德烈·卢布廖夫	not a single movie folder	movies=2 root_subtitles=2 sidecars=0 unsupported=0 subdirs=0 other_files=0
/Volumes/导演们/安哲罗普洛斯/亚历山大大帝	not a single movie folder	movies=2 root_subtitles=2 sidecars=2 unsupported=0 subdirs=0 other_files=0
/Volumes/导演们/安哲罗普洛斯/尤利西斯生命之旅	not a single movie folder	movies=2 root_subtitles=2 sidecars=2 unsupported=0 subdirs=0 other_files=0
/Volumes/导演们/安哲罗普洛斯/重建	not a single movie folder	movies=2 root_subtitles=3 sidecars=3 unsupported=0 subdirs=0 other_files=0
/Volumes/导演们/奥德里奇·利普斯基/(1952)Haskovy povidky ze stareho mocnarstvi	not a single movie folder	movies=1 root_subtitles=0 sidecars=1 unsupported=0 subdirs=0 other_files=0
/Volumes/导演们/奥德里奇·利普斯基/(1972)Sest medvedu s Cibulkou	not a single movie folder	movies=1 root_subtitles=0 sidecars=1 unsupported=0 subdirs=0 other_files=0
/Volumes/导演们/今村昌平/人间蒸发	single movie with unmatched .sub sidecar	unmatched .sub sidecar: VTS_01_0.sub
/Volumes/导演们/今村昌平/酋山节考	not a single movie folder	movies=2 root_subtitles=2 sidecars=0 unsupported=0 subdirs=0 other_files=0
/Volumes/导演们/克林特·伊斯特伍德/勇闯雷霆峰(英字)	not a single movie folder	movies=1 root_subtitles=0 sidecars=1 unsupported=0 subdirs=0 other_files=0
/Volumes/导演们/林赛·安德森	subdir is not subtitle-only or has unmatched sidecars	假如: bad_subtitles=0 other=1
/Volumes/导演们/林赛·安德森	subdir is not subtitle-only or has unmatched sidecars	如此运动生涯: bad_subtitles=0 other=1
/Volumes/导演们/林赛·安德森	subdir is not subtitle-only or has unmatched sidecars	幸运儿: bad_subtitles=0 other=2
/Volumes/导演们/林赛·安德森/幸运儿	not a single movie folder	movies=2 root_subtitles=2 sidecars=0 unsupported=0 subdirs=0 other_files=0
/Volumes/导演们/斯坦利·库布里克/斯坦利·库布里克：电影人生	not a single movie folder	movies=2 root_subtitles=2 sidecars=2 unsupported=0 subdirs=0 other_files=0
/Volumes/导演们/斯坦利·库布里克/全金属外壳	subdir is not subtitle-only or has unmatched sidecars	全金属外壳：善与恶之间: bad_subtitles=0 other=1
/Volumes/导演们/斯坦利·库布里克/发条橙	subdir is not subtitle-only or has unmatched sidecars	制造“发条橙”大杂烩！: bad_subtitles=0 other=1
/Volumes/导演们/斯坦利·库布里克/发条橙	subdir is not subtitle-only or has unmatched sidecars	发条橙的回归: bad_subtitles=0 other=1
/Volumes/导演们/熊切和嘉/复仇之法	not a single movie folder	movies=2 root_subtitles=2 sidecars=0 unsupported=0 subdirs=0 other_files=0
/Volumes/导演们/熊切和嘉/海炭市叙景/Subs	not a single movie folder	movies=0 root_subtitles=2 sidecars=2 unsupported=0 subdirs=0 other_files=0
/Volumes/导演们/熊切和嘉/空之穴	not a single movie folder	movies=2 root_subtitles=2 sidecars=2 unsupported=0 subdirs=0 other_files=0
/Volumes/导演们/熊切和嘉/青春击球棒	single movie with unmatched .sub sidecar	unmatched .sub sidecar: wrd-gmmb.sub
/Volumes/导演们/亚历山大·克鲁格	subdir is not subtitle-only or has unmatched sidecars	[德] 锲而不舍的雷妮·派克特.Die.Unbezaehmbare.Leni.Peickert.1970.D9.MiniSD-TLF: bad_subtitles=0 other=2
/Volumes/导演们/亚历山大·克鲁格	subdir is not subtitle-only or has unmatched sidecars	[德] 马戏院帐篷顶上的艺人.Die.Artisten.in.der.Zirkuskuppel：Ratlos.1968.D9.MiniSD-TLF: bad_subtitles=0 other=2
/Volumes/导演们/亚历山大·克鲁格	subdir is not subtitle-only or has unmatched sidecars	德国之秋: bad_subtitles=0 other=2
/Volumes/导演们/亚历山大·索科洛夫/对话索尔仁尼琴/Dialogues_With_Solzhenitsyn/Dialogues With Solzhenitsyn(对话索尔仁尼琴)	not a single movie folder	movies=0 root_subtitles=4 sidecars=0 unsupported=0 subdirs=0 other_files=0
/Volumes/导演们/亚历山大·索科洛夫/对话索尔仁尼琴/Dialogues With Solzhenitsyn(对话索尔仁尼琴)	not a single movie folder	movies=0 root_subtitles=4 sidecars=0 unsupported=0 subdirs=0 other_files=0
/Volumes/导演们/卡尔·西奥多·德莱叶/房屋的主人/房屋的主人	not a single movie folder	movies=0 root_subtitles=1 sidecars=1 unsupported=0 subdirs=0 other_files=0
/Volumes/导演们/卡尔·西奥多·德莱叶/木木	not a single movie folder	movies=0 root_subtitles=1 sidecars=0 unsupported=0 subdirs=0 other_files=0
/Volumes/导演们/卡洛斯·绍拉/歌剧浪子	not a single movie folder	movies=2 root_subtitles=2 sidecars=2 unsupported=0 subdirs=0 other_files=0
/Volumes/导演们/塞缪尔·富勒/刑警大队	not a single movie folder	movies=0 root_subtitles=1 sidecars=0 unsupported=0 subdirs=0 other_files=1
/Volumes/导演们/三池崇史/以藏	not a single movie folder	movies=2 root_subtitles=2 sidecars=2 unsupported=0 subdirs=0 other_files=0
/Volumes/导演们/三池崇史/搞鬼小筑	not a single movie folder	movies=2 root_subtitles=2 sidecars=0 unsupported=0 subdirs=0 other_files=0
/Volumes/导演们/安德烈·萨金塞夫	subdir is not subtitle-only or has unmatched sidecars	将爱放逐: bad_subtitles=0 other=2
/Volumes/导演们/安东尼奥尼/失败者	not a single movie folder	movies=2 root_subtitles=4 sidecars=2 unsupported=0 subdirs=0 other_files=0
/Volumes/导演们/冈本喜八/肉弹	not a single movie folder	movies=2 root_subtitles=2 sidecars=0 unsupported=0 subdirs=0 other_files=0
/Volumes/导演们/木下惠介/卡门归乡	not a single movie folder	movies=2 root_subtitles=2 sidecars=0 unsupported=0 subdirs=0 other_files=0
/Volumes/导演们/努里·比格·锡兰/五月碧云天	not a single movie folder	movies=2 root_subtitles=3 sidecars=0 unsupported=0 subdirs=0 other_files=0
/Volumes/导演们/奥塔·埃索里亚尼/威尼斯早晨	single movie with unmatched .sub sidecar	unmatched .sub sidecar: VTS_01_0.sub
/Volumes/导演们/奥塔·埃索里亚尼/月神的宠儿	single movie with unmatched .sub sidecar	unmatched .sub sidecar: VTS_01_0.sub
/Volumes/导演们/奥塔·埃索里亚尼/田园牧歌	single movie with unmatched .sub sidecar	unmatched .sub sidecar: VTS_01_0.sub
/Volumes/导演们/布莱恩·德·帕尔玛/蛇眼	not a single movie folder	movies=2 root_subtitles=2 sidecars=0 unsupported=0 subdirs=0 other_files=0
/Volumes/导演们/布莱恩·德·帕尔玛/蛇蝎美人	not a single movie folder	movies=2 root_subtitles=4 sidecars=0 unsupported=0 subdirs=0 other_files=0
/Volumes/导演们/杜拉斯	subdir is not subtitle-only or has unmatched sidecars	塞扎里: bad_subtitles=0 other=1
/Volumes/导演们/莫里斯·皮亚拉/森林的小屋	not a single movie folder	movies=7 root_subtitles=7 sidecars=7 unsupported=0 subdirs=0 other_files=0
/Volumes/导演们/雷内·克莱尔/百万法郎	not a single movie folder	movies=0 root_subtitles=1 sidecars=1 unsupported=0 subdirs=0 other_files=0
/Volumes/导演们/阿方索·卡隆/远大前程 Great Expectations (1998)	not a single movie folder	movies=2 root_subtitles=2 sidecars=0 unsupported=0 subdirs=0 other_files=0
/Volumes/导演们/比尔·普莱姆顿 & 罗伯特·克鲁伯/变种外星人	not a single movie folder	movies=2 root_subtitles=2 sidecars=0 unsupported=0 subdirs=0 other_files=0
/Volumes/导演们/市川昆/1964年东京奥林匹克运动会	not a single movie folder	movies=2 root_subtitles=4 sidecars=0 unsupported=0 subdirs=0 other_files=0
/Volumes/导演们/寺山修司/抛掉书本上街去	not a single movie folder	movies=2 root_subtitles=2 sidecars=2 unsupported=0 subdirs=0 other_files=0
/Volumes/导演们/比利·怀尔德/满城风雨	not a single movie folder	movies=2 root_subtitles=1 sidecars=1 unsupported=0 subdirs=0 other_files=0
/Volumes/导演们/香特尔·阿克曼/安娜的旅程	single movie with unmatched .sub sidecar	unmatched .sub sidecar: VTS_02_0.sub
/Volumes/导演们/耶尔齐·霍夫曼/伏洛窦耶夫斯基先生	not a single movie folder	movies=2 root_subtitles=2 sidecars=2 unsupported=0 subdirs=0 other_files=0
/Volumes/导演们/耶尔齐·霍夫曼/洪流	not a single movie folder	movies=4 root_subtitles=4 sidecars=4 unsupported=0 subdirs=0 other_files=0
/Volumes/导演们/耶尔齐·霍夫曼/火与剑	single movie with unmatched .sub sidecar	unmatched .sub sidecar: 火与剑.chs.2.sub;unmatched .sub sidecar: 火与剑.chs.sub;unmatched .sub sidecar: 火与剑.eng.2.sub;unmatched .sub sidecar: 火与剑.eng.sub
/Volumes/导演们/约瑟夫·罗西/伽利略	not a single movie folder	movies=2 root_subtitles=2 sidecars=0 unsupported=0 subdirs=0 other_files=0
/Volumes/导演们/约瑟夫·罗西/唐祖凡尼	not a single movie folder	movies=2 root_subtitles=2 sidecars=0 unsupported=0 subdirs=0 other_files=0
/Volumes/导演们/约瑟夫·罗西/鳟鱼 La Truite (1982)/subs	not a single movie folder	movies=0 root_subtitles=3 sidecars=1 unsupported=0 subdirs=0 other_files=0
/Volumes/导演们/阿伦·雷乃/吸烟不吸烟	not a single movie folder	movies=2 root_subtitles=2 sidecars=2 unsupported=0 subdirs=0 other_files=0
/Volumes/导演们/英格玛·伯格曼/面对面	not a single movie folder	movies=2 root_subtitles=1 sidecars=0 unsupported=0 subdirs=0 other_files=0
/Volumes/导演们/洪常秀/海边的女人	not a single movie folder	movies=3 root_subtitles=2 sidecars=0 unsupported=0 subdirs=0 other_files=0
/Volumes/导演们/沃纳·赫尔佐格/史楚锡流浪记	not a single movie folder	movies=2 root_subtitles=4 sidecars=0 unsupported=0 subdirs=0 other_files=0
/Volumes/导演们/沃纳·赫尔佐格/小小迪特想要飞	single movie with unmatched .sub sidecar	unmatched .sub sidecar: 小小迪特想要飞.sub
/Volumes/导演们/沃纳·赫尔佐格/石头的呐喊	single movie with unmatched .sub sidecar	unmatched .sub sidecar: VTS_01_0.sub
/Volumes/导演们/沃纳·赫尔佐格/蓝星人怀乡曲	single movie with unmatched .sub sidecar	unmatched .sub sidecar: VTS_02_0.sub
/Volumes/导演们/伊日·门泽尔/甜蜜家园	not a single movie folder	movies=2 root_subtitles=2 sidecars=2 unsupported=0 subdirs=0 other_files=0
/Volumes/导演们/卢基诺·维斯康蒂/小美人	single movie with unmatched .sub sidecar	unmatched .sub sidecar: VTS_02_0.sub
/Volumes/导演们/埃米尔·库斯图里察/地下（电视版）/英文	not a single movie folder	movies=0 root_subtitles=6 sidecars=0 unsupported=0 subdirs=0 other_files=0
/Volumes/导演们/埃米尔·库斯图里察/地下（电视版）/中文	not a single movie folder	movies=0 root_subtitles=6 sidecars=0 unsupported=0 subdirs=0 other_files=0
/Volumes/导演们/莱奥·卡拉克斯/坏血	not a single movie folder	movies=2 root_subtitles=2 sidecars=2 unsupported=0 subdirs=0 other_files=0
/Volumes/导演们/肯·洛奇/煤的价格	not a single movie folder	movies=3 root_subtitles=1 sidecars=0 unsupported=0 subdirs=0 other_files=0
/Volumes/分类/华语世界/中国大陆/20世纪老电影	subdir is not subtitle-only or has unmatched sidecars	80: bad_subtitles=0 other=22
/Volumes/分类/华语世界/中国大陆/20世纪老电影	subdir is not subtitle-only or has unmatched sidecars	90: bad_subtitles=0 other=15
/Volumes/分类/华语世界/台湾/杨德昌/恐怖分子	not a single movie folder	movies=3 root_subtitles=1 sidecars=1 unsupported=0 subdirs=0 other_files=0
/Volumes/分类/华语世界/台湾/张作骥/爸.你好吗	not a single movie folder	movies=2 root_subtitles=2 sidecars=0 unsupported=0 subdirs=0 other_files=0
/Volumes/分类/华语世界/禁/地震	not a single movie folder	movies=3 root_subtitles=6 sidecars=0 unsupported=0 subdirs=0 other_files=11
/Volumes/分类/传记·一段历史/堕落街	not a single movie folder	movies=2 root_subtitles=4 sidecars=0 unsupported=0 subdirs=0 other_files=0
/Volumes/分类/传记·一段历史/海伦凯勒	not a single movie folder	movies=2 root_subtitles=2 sidecars=0 unsupported=0 subdirs=0 other_files=0
/Volumes/分类/传记·一段历史/科特·科本：关于一个孩子/sub	not a single movie folder	movies=0 root_subtitles=1 sidecars=1 unsupported=0 subdirs=0 other_files=0
/Volumes/分类/传记·一段历史/阿尔卡特兹的养鸟人/阿尔卡特兹的养鸟人Birdman.Of.Alcatraz	not a single movie folder	movies=0 root_subtitles=2 sidecars=0 unsupported=0 subdirs=0 other_files=0
/Volumes/分类/动画片/动画大师/【翻译】《动画大师》(Masters of Animation)	not a single movie folder	movies=0 root_subtitles=20 sidecars=0 unsupported=0 subdirs=0 other_files=0
/Volumes/分类/动画片/卢茨·丹姆贝克作品集(1975-1986)	not a single movie folder	movies=10 root_subtitles=9 sidecars=0 unsupported=0 subdirs=1 other_files=0
/Volumes/分类/动画片/大妹子们的动画时间	subdir is not subtitle-only or has unmatched sidecars	[SGS][Otona_Jyoshi_no_Anime_Time_Kawamo_wo_Suberu_Kaze][720p][Subs_Fonts]: bad_subtitles=0 other=1
/Volumes/分类/动画片/大妹子们的动画时间/[SGS][Otona_Jyoshi_no_Anime_Time_Kawamo_wo_Suberu_Kaze][720p][Subs_Fonts]	not a single movie folder	movies=0 root_subtitles=3 sidecars=0 unsupported=0 subdirs=0 other_files=1
/Volumes/分类/动画片/胡萝卜之夜	not a single movie folder	movies=0 root_subtitles=2 sidecars=0 unsupported=0 subdirs=0 other_files=1
/Volumes/分类/动画片/贪吃树	not a single movie folder	movies=2 root_subtitles=2 sidecars=2 unsupported=0 subdirs=0 other_files=0
/Volumes/分类/CULT·实验/亲信	not a single movie folder	movies=3 root_subtitles=3 sidecars=0 unsupported=0 subdirs=0 other_files=0
/Volumes/分类/CULT·实验/月亮上的人	not a single movie folder	movies=2 root_subtitles=2 sidecars=2 unsupported=0 subdirs=0 other_files=0
/Volumes/分类/CULT·实验/杀妻总动员	not a single movie folder	movies=2 root_subtitles=2 sidecars=0 unsupported=0 subdirs=0 other_files=0
/Volumes/分类/CULT·实验/柳条人	subdir is not subtitle-only or has unmatched sidecars	Paul.Giovanni.-.[柳条人.The.Wicker.Man]. OST.专辑.320k: bad_subtitles=0 other=17
/Volumes/分类/CULT·实验/百合潮湿的欲望	single movie with unmatched .sub sidecar	unmatched .sub sidecar: 百合潮湿的欲望.chn.sub;paired sidecar: 百合潮湿的欲望.sub
/Volumes/分类/CULT·实验/莫雷尔的发明	not a single movie folder	movies=0 root_subtitles=1 sidecars=0 unsupported=0 subdirs=1 other_files=0
/Volumes/分类/CULT·实验/逆喷射家族	not a single movie folder	movies=2 root_subtitles=2 sidecars=0 unsupported=0 subdirs=0 other_files=0
/Volumes/分类/黑色电影/十字交锋	not a single movie folder	movies=0 root_subtitles=2 sidecars=0 unsupported=0 subdirs=0 other_files=1
/Volumes/分类/黑色电影/卡车斗士	not a single movie folder	movies=0 root_subtitles=1 sidecars=1 unsupported=0 subdirs=0 other_files=1
/Volumes/分类/黑色电影/堕落天使	not a single movie folder	movies=0 root_subtitles=1 sidecars=0 unsupported=0 subdirs=0 other_files=1
/Volumes/分类/黑色电影/夜逃鸳鸯	not a single movie folder	movies=0 root_subtitles=1 sidecars=0 unsupported=0 subdirs=0 other_files=1
/Volumes/分类/黑色电影/沉默中爆发	not a single movie folder	movies=2 root_subtitles=3 sidecars=0 unsupported=0 subdirs=0 other_files=0
/Volumes/分类/音乐/The Fabulous Baker Boys	not a single movie folder	movies=2 root_subtitles=4 sidecars=0 unsupported=0 subdirs=0 other_files=0
/Volumes/分类/音乐/曼波歌王	not a single movie folder	movies=2 root_subtitles=2 sidecars=0 unsupported=0 subdirs=0 other_files=0
/Volumes/分类/战争/卡比莉亚	not a single movie folder	movies=2 root_subtitles=2 sidecars=0 unsupported=0 subdirs=0 other_files=0
/Volumes/分类/战争/斯大林格勒战役	not a single movie folder	movies=2 root_subtitles=2 sidecars=0 unsupported=0 subdirs=0 other_files=0
/Volumes/分类/爱情/三妻艳史/[三妻艳史].A.Letter.To.Three.Wives.1949.DVDRip.XviD-VH-PROD	not a single movie folder	movies=0 root_subtitles=1 sidecars=1 unsupported=0 subdirs=0 other_files=0
/Volumes/分类/纪录/中国一个世纪的革命	not a single movie folder	movies=0 root_subtitles=3 sidecars=3 unsupported=0 subdirs=3 other_files=0
/Volumes/分类/纪录/大熊猫的生活	not a single movie folder	movies=3 root_subtitles=3 sidecars=0 unsupported=0 subdirs=0 other_files=0
/Volumes/分类/纪录/如何死在俄勒冈州	subdir is not subtitle-only or has unmatched sidecars	寻求庇护: bad_subtitles=0 other=2
/Volumes/分类/纪录/寻找贝多芬	not a single movie folder	movies=2 root_subtitles=2 sidecars=0 unsupported=0 subdirs=0 other_files=0
/Volumes/分类/纪录/早期电影——初创及先锋	not a single movie folder	movies=3 root_subtitles=3 sidecars=0 unsupported=0 subdirs=0 other_files=0
/Volumes/分类/纪录/森山大道	not a single movie folder	movies=2 root_subtitles=4 sidecars=0 unsupported=0 subdirs=0 other_files=0
/Volumes/分类/纪录/直击弯心	not a single movie folder	movies=0 root_subtitles=0 sidecars=0 unsupported=2 subdirs=0 other_files=0
/Volumes/分类/纪录/舞吧·卓别林	not a single movie folder	movies=2 root_subtitles=2 sidecars=2 unsupported=0 subdirs=0 other_files=0
/Volumes/分类/纪录/草间弥生之最爱	not a single movie folder	movies=2 root_subtitles=2 sidecars=2 unsupported=0 subdirs=0 other_files=0
/Volumes/分类/纪录/萧沆启示录	not a single movie folder	movies=1 root_subtitles=0 sidecars=1 unsupported=0 subdirs=0 other_files=0
/Volumes/分类/纪录/解构企业	not a single movie folder	movies=2 root_subtitles=2 sidecars=2 unsupported=0 subdirs=0 other_files=0
/Volumes/分类/纪录/诗歌的力量/Subs	not a single movie folder	movies=0 root_subtitles=1 sidecars=0 unsupported=0 subdirs=0 other_files=0
/Volumes/分类/纪录/资本主义人民共和国	not a single movie folder	movies=4 root_subtitles=4 sidecars=0 unsupported=0 subdirs=0 other_files=0
/Volumes/分类/科幻·奇幻/外星奇遇	not a single movie folder	movies=3 root_subtitles=2 sidecars=0 unsupported=0 subdirs=0 other_files=0
/Volumes/分类/科幻·奇幻/天使消失的年代	not a single movie folder	movies=1 root_subtitles=0 sidecars=1 unsupported=0 subdirs=1 other_files=0
/Volumes/分类/科幻·奇幻/天使消失的年代	subdir is not subtitle-only or has unmatched sidecars	Čechomor-Rok Ďábla (2002) 192kbps: bad_subtitles=0 other=26
/Volumes/分类/科幻·奇幻/幻灵夹克	not a single movie folder	movies=2 root_subtitles=2 sidecars=0 unsupported=0 subdirs=0 other_files=0
/Volumes/分类/科幻·奇幻/明朗的天空	not a single movie folder	movies=2 root_subtitles=2 sidecars=0 unsupported=0 subdirs=0 other_files=0
/Volumes/分类/科幻·奇幻/永恒国度的终焉/英繁	not a single movie folder	movies=0 root_subtitles=2 sidecars=0 unsupported=0 subdirs=0 other_files=0
/Volumes/分类/科幻·奇幻/永恒国度的终焉/繁體中文	not a single movie folder	movies=0 root_subtitles=2 sidecars=0 unsupported=0 subdirs=0 other_files=0
/Volumes/分类/科幻·奇幻/永恒国度的终焉/英文	not a single movie folder	movies=0 root_subtitles=2 sidecars=0 unsupported=0 subdirs=0 other_files=0
/Volumes/分类/科幻·奇幻/永恒国度的终焉/簡體中文	not a single movie folder	movies=0 root_subtitles=2 sidecars=0 unsupported=0 subdirs=0 other_files=0
/Volumes/分类/科幻·奇幻/永恒国度的终焉/英簡	not a single movie folder	movies=0 root_subtitles=2 sidecars=0 unsupported=0 subdirs=0 other_files=0
/Volumes/分类/科幻·奇幻/玛丽娜/Ļ	not a single movie folder	movies=0 root_subtitles=2 sidecars=2 unsupported=0 subdirs=0 other_files=0
/Volumes/分类/科幻·奇幻/苏菲的世界	not a single movie folder	movies=2 root_subtitles=2 sidecars=2 unsupported=0 subdirs=0 other_files=0
/Volumes/分类/科幻·奇幻/蝴蝶春梦	single movie with unmatched .sub sidecar	unmatched .sub sidecar: VTS_01_0.sub
/Volumes/分类/短篇集/大师们的第一部	not a single movie folder	movies=2 root_subtitles=3 sidecars=3 unsupported=0 subdirs=0 other_files=0
/Volumes/分类/短篇集/德国之秋	not a single movie folder	movies=2 root_subtitles=2 sidecars=2 unsupported=0 subdirs=0 other_files=0
/Volumes/分类/短篇集/穆府的歌剧	not a single movie folder	movies=0 root_subtitles=2 sidecars=0 unsupported=0 subdirs=0 other_files=1
/Volumes/分类/短篇集/艺术家夫妇U	not a single movie folder	movies=0 root_subtitles=2 sidecars=0 unsupported=0 subdirs=0 other_files=1
/Volumes/分类/合集/要分类/十字军骑士	single movie with unmatched .sub sidecar	unmatched .sub sidecar: 十字军东征.sub
/Volumes/分类/合集/要分类/(1970)巫师的铁锤 Kladivo na carodejnice	not a single movie folder	movies=1 root_subtitles=0 sidecars=1 unsupported=0 subdirs=0 other_files=0
/Volumes/分类/合集/要分类/(1996)耳语 Septej	not a single movie folder	movies=1 root_subtitles=0 sidecars=1 unsupported=0 subdirs=0 other_files=0
/Volumes/分类/合集/要分类/可洛登战役	single movie with unmatched .sub sidecar	unmatched .sub sidecar: WARGAME_CULLODEN.sub
/Volumes/分类/合集/要分类/战争游戏	single movie with unmatched .sub sidecar	paired sidecar: the war game.sub;unmatched .sub sidecar: the_war_game.chn.sub
/Volumes/分类/名著改编/卡夫卡电影作品集/人体	not a single movie folder	movies=2 root_subtitles=1 sidecars=0 unsupported=0 subdirs=0 other_files=0
/Volumes/分类/故事/昨日青春	not a single movie folder	movies=1 root_subtitles=0 sidecars=0 unsupported=1 subdirs=0 other_files=0
/Volumes/分类/喜剧/一切善良的市民们	not a single movie folder	movies=2 root_subtitles=4 sidecars=0 unsupported=0 subdirs=0 other_files=0
/Volumes/分类/喜剧/奥勃洛莫夫一生中的几天	not a single movie folder	movies=2 root_subtitles=2 sidecars=0 unsupported=0 subdirs=0 other_files=0
/Volumes/分类/喜剧/相约星期二	not a single movie folder	movies=2 root_subtitles=2 sidecars=0 unsupported=0 subdirs=0 other_files=0
/Volumes/分类/喜剧/黑色池塘	not a single movie folder	movies=0 root_subtitles=1 sidecars=0 unsupported=0 subdirs=0 other_files=0
/Volumes/分类/惊悚·犯罪·动作/三个邪恶的人	subdir is not subtitle-only or has unmatched sidecars	三个邪恶的人(1930年翻拍): bad_subtitles=0 other=1
/Volumes/分类/惊悚·犯罪·动作/人性/[人性].Human.Nature.2001	not a single movie folder	movies=0 root_subtitles=2 sidecars=0 unsupported=0 subdirs=0 other_files=0
/Volumes/分类/惊悚·犯罪·动作/失踪宝贝	not a single movie folder	movies=2 root_subtitles=2 sidecars=0 unsupported=0 subdirs=0 other_files=0
/Volumes/分类/惊悚·犯罪·动作/柏林谍影/07.26.04.The.Spy.Who.Came.In.from.the.Cold.1965.DVDRip.XviD-PROMiSE.CnEn.SUB.NTK	not a single movie folder	movies=0 root_subtitles=6 sidecars=0 unsupported=0 subdirs=0 other_files=0
/Volumes/分类/惊悚·犯罪·动作/蝗虫之日	not a single movie folder	movies=2 root_subtitles=2 sidecars=0 unsupported=0 subdirs=0 other_files=0
/Volumes/分类/青春·儿童/丑八怪	not a single movie folder	movies=2 root_subtitles=2 sidecars=2 unsupported=0 subdirs=0 other_files=0
/Volumes/分类/青春·儿童/坏痞子	not a single movie folder	movies=0 root_subtitles=2 sidecars=2 unsupported=0 subdirs=0 other_files=0
/Volumes/分类/青春·儿童/希特勒的男孩	not a single movie folder	movies=2 root_subtitles=2 sidecars=0 unsupported=0 subdirs=0 other_files=0
/Volumes/分类/青春·儿童/往事如烟	not a single movie folder	movies=2 root_subtitles=2 sidecars=0 unsupported=0 subdirs=0 other_files=0
/Volumes/分类/青春·儿童/想飞的钢琴少年	not a single movie folder	movies=2 root_subtitles=2 sidecars=0 unsupported=0 subdirs=0 other_files=0
/Volumes/分类/青春·儿童/末路狂奔	not a single movie folder	movies=2 root_subtitles=2 sidecars=2 unsupported=0 subdirs=0 other_files=0
