folder	current_movie	target_movie	og_movie_count	subtitle_count	ignored_count	og_movies
/Volumes/分类/传记·一段历史/凯萨与克丽奥佩	/Volumes/分类/传记·一段历史/凯萨与克丽奥佩/凯萨与克丽奥佩拉.Caesar.and.Cleopatra.19....mkv	/Volumes/分类/传记·一段历史/凯萨与克丽奥佩拉.Caesar.and.Cleopatra.19....mkv	1	3	0	/Volumes/分类/传记·一段历史/凯萨与克丽奥佩/OG.凯萨与克丽奥佩拉.Caesar.and.Cleopatra.19....mkv
/Volumes/分类/传记·一段历史/席琳	/Volumes/分类/传记·一段历史/席琳/Céline(2008).mkv	/Volumes/分类/传记·一段历史/Céline(2008).mkv	1	2	0	/Volumes/分类/传记·一段历史/席琳/OG.Céline(2008).mkv
/Volumes/分类/传记·一段历史/独奏	/Volumes/分类/传记·一段历史/独奏/solo.mkv	/Volumes/分类/传记·一段历史/solo.mkv	1	3	0	/Volumes/分类/传记·一段历史/独奏/OG.solo.mkv
/Volumes/分类/传记·一段历史/瓦克拉夫	/Volumes/分类/传记·一段历史/瓦克拉夫/瓦克拉夫.Vaclav.2007.DVDRip.XviD.Cz-ondrask8.mkv	/Volumes/分类/传记·一段历史/瓦克拉夫.Vaclav.2007.DVDRip.XviD.Cz-ondrask8.mkv	1	1	0	/Volumes/分类/传记·一段历史/瓦克拉夫/OG.瓦克拉夫.Vaclav.2007.DVDRip.XviD.Cz-ondrask8.mkv
/Volumes/分类/传记·一段历史/謝爾蓋·愛森斯坦自傳	/Volumes/分类/传记·一段历史/謝爾蓋·愛森斯坦自傳/Сергей_Эйзенштейн._Автобиография.mkv	/Volumes/分类/传记·一段历史/Сергей_Эйзенштейн._Автобиография.mkv	1	2	0	/Volumes/分类/传记·一段历史/謝爾蓋·愛森斯坦自傳/OG.Сергей_Эйзенштейн._Автобиография.mkv
/Volumes/分类/公路/一周	/Volumes/分类/公路/一周/一周.One.Week.2008.BDRip.XviD-BeStDivX.mkv	/Volumes/分类/公路/一周.One.Week.2008.BDRip.XviD-BeStDivX.mkv	1	1	0	/Volumes/分类/公路/一周/OG.一周.One.Week.2008.BDRip.XviD-BeStDivX.mkv
/Volumes/分类/动画片/当风吹起的时候	/Volumes/分类/动画片/当风吹起的时候/当风吹起的时候.When.the.Wind.Blows.1986.DVDRip.XviD.MP3-tonetti.mkv	/Volumes/分类/动画片/当风吹起的时候.When.the.Wind.Blows.1986.DVDRip.XviD.MP3-tonetti.mkv	1	1	0	/Volumes/分类/动画片/当风吹起的时候/OG.当风吹起的时候.When.the.Wind.Blows.1986.DVDRip.XviD.MP3-tonetti.mkv
/Volumes/分类/动画片/我感觉到了我脑后	/Volumes/分类/动画片/我感觉到了我脑后/Ma_kuklas_tunnen_(2007)_(Priit_Parn).mkv	/Volumes/分类/动画片/Ma_kuklas_tunnen_(2007)_(Priit_Parn).mkv	1	2	0	/Volumes/分类/动画片/我感觉到了我脑后/OG.Ma_kuklas_tunnen_(2007)_(Priit_Parn).mkv
/Volumes/分类/动画片/舞姫	/Volumes/分类/动画片/舞姫/舞姫.mkv	/Volumes/分类/动画片/舞姫.mkv	1	1	0	/Volumes/分类/动画片/舞姫/OG.舞姫.mkv
/Volumes/分类/动画片/赤色挽歌	/Volumes/分类/动画片/赤色挽歌/赤色エレジー.mkv	/Volumes/分类/动画片/赤色エレジー.mkv	1	1	0	/Volumes/分类/动画片/赤色挽歌/OG.赤色エレジー.mkv
/Volumes/分类/动画片/鬼妈妈	/Volumes/分类/动画片/鬼妈妈/[鬼妈妈].Coraline.DVDRip.XviD-ARROW.mkv	/Volumes/分类/动画片/[鬼妈妈].Coraline.DVDRip.XviD-ARROW.mkv	1	1	0	/Volumes/分类/动画片/鬼妈妈/OG.[鬼妈妈].Coraline.DVDRip.XviD-ARROW.mkv
/Volumes/分类/动画片/麦兜/麦兜故事	/Volumes/分类/动画片/麦兜/麦兜故事/麦兜故事.My.Life.as.McDull.Proper.2001.DVDRip.X264-My9.mkv	/Volumes/分类/动画片/麦兜/麦兜故事.My.Life.as.McDull.Proper.2001.DVDRip.X264-My9.mkv	1	1	0	/Volumes/分类/动画片/麦兜/麦兜故事/OG.麦兜故事.My.Life.as.McDull.Proper.2001.DVDRip.X264-My9.mkv
/Volumes/分类/华语世界/东南亚/陈哲艺/热带雨	/Volumes/分类/华语世界/东南亚/陈哲艺/热带雨/热带雨.Wet.Season.2019.BDRip.X264.iNT-TLF.mkv	/Volumes/分类/华语世界/东南亚/陈哲艺/热带雨.Wet.Season.2019.BDRip.X264.iNT-TLF.mkv	1	2	1	/Volumes/分类/华语世界/东南亚/陈哲艺/热带雨/OG.热带雨.Wet.Season.2019.BDRip.X264.iNT-TLF.mkv
/Volumes/分类/华语世界/中国大陆/导演们/娄烨/梦的背后	/Volumes/分类/华语世界/中国大陆/导演们/娄烨/梦的背后/梦的背后.A.Documentary.on.the.Shadow.Play.2018.720p.BluRay.x264.CHS.mkv	/Volumes/分类/华语世界/中国大陆/导演们/娄烨/梦的背后.A.Documentary.on.the.Shadow.Play.2018.720p.BluRay.x264.CHS.mkv	1	1	0	/Volumes/分类/华语世界/中国大陆/导演们/娄烨/梦的背后/OG.梦的背后.A.Documentary.on.the.Shadow.Play.2018.720p.BluRay.x264.CHS.mkv
/Volumes/分类/华语世界/中国大陆/导演们/贾樟柯/汾阳小子贾樟柯	/Volumes/分类/华语世界/中国大陆/导演们/贾樟柯/汾阳小子贾樟柯/汾阳小子贾樟柯.Jia.Zhang.ke.A.Guy.from.Fenyang.2014.BDRip.X264.iNT-TLF.mkv	/Volumes/分类/华语世界/中国大陆/导演们/贾樟柯/汾阳小子贾樟柯.Jia.Zhang.ke.A.Guy.from.Fenyang.2014.BDRip.X264.iNT-TLF.mkv	1	1	1	/Volumes/分类/华语世界/中国大陆/导演们/贾樟柯/汾阳小子贾樟柯/OG.汾阳小子贾樟柯.Jia.Zhang.ke.A.Guy.from.Fenyang.2014.BDRip.X264.iNT-TLF.mkv
/Volumes/分类/华语世界/台湾/张作骥/蝴蝶	/Volumes/分类/华语世界/台湾/张作骥/蝴蝶/蝴蝶.Soul.of.a.Demon.2008.DVDRip.x264.AC3.iNT-Or2.mkv	/Volumes/分类/华语世界/台湾/张作骥/蝴蝶.Soul.of.a.Demon.2008.DVDRip.x264.AC3.iNT-Or2.mkv	1	1	0	/Volumes/分类/华语世界/台湾/张作骥/蝴蝶/OG.蝴蝶.Soul.of.a.Demon.2008.DVDRip.x264.AC3.iNT-Or2.mkv
/Volumes/分类/华语世界/禁/独生子女国度	/Volumes/分类/华语世界/禁/独生子女国度/One.Child.Nation.2019.REPACK.720p.AMZN.WEB-DL.DDP5.1.H.264-KAMIKAZE.mkv	/Volumes/分类/华语世界/禁/One.Child.Nation.2019.REPACK.720p.AMZN.WEB-DL.DDP5.1.H.264-KAMIKAZE.mkv	1	2	0	/Volumes/分类/华语世界/禁/独生子女国度/OG.One.Child.Nation.2019.REPACK.720p.AMZN.WEB-DL.DDP5.1.H.264-KAMIKAZE.mkv
/Volumes/分类/合集/AFI百年百部经典/【飞屋】AFI's.100.Years.100.Movies-Part1	/Volumes/分类/合集/AFI百年百部经典/【飞屋】AFI's.100.Years.100.Movies-Part1/Part1.英雄本色.Against.the.Grain.DVDRip.x264-AeroHut.mkv	/Volumes/分类/合集/AFI百年百部经典/Part1.英雄本色.Against.the.Grain.DVDRip.x264-AeroHut.mkv	1	1	1	/Volumes/分类/合集/AFI百年百部经典/【飞屋】AFI's.100.Years.100.Movies-Part1/OG.Part1.英雄本色.Against.the.Grain.DVDRip.x264-AeroHut.mkv
/Volumes/分类/合集/AFI百年百部经典/【飞屋】AFI's.100.Years.100.Movies-Part10	/Volumes/分类/合集/AFI百年百部经典/【飞屋】AFI's.100.Years.100.Movies-Part10/Part10.奇幻电影.Fantastic.Flights.DVDRip.x264-AeroHut.mkv	/Volumes/分类/合集/AFI百年百部经典/Part10.奇幻电影.Fantastic.Flights.DVDRip.x264-AeroHut.mkv	1	1	0	/Volumes/分类/合集/AFI百年百部经典/【飞屋】AFI's.100.Years.100.Movies-Part10/OG.Part10.奇幻电影.Fantastic.Flights.DVDRip.x264-AeroHut.mkv
/Volumes/分类/合集/AFI百年百部经典/【飞屋】AFI's.100.Years.100.Movies-Part2	/Volumes/分类/合集/AFI百年百部经典/【飞屋】AFI's.100.Years.100.Movies-Part2/Part2.法律边缘.Beyond.the.Law.DVDRip.x264-AeroHut.mkv	/Volumes/分类/合集/AFI百年百部经典/Part2.法律边缘.Beyond.the.Law.DVDRip.x264-AeroHut.mkv	1	1	0	/Volumes/分类/合集/AFI百年百部经典/【飞屋】AFI's.100.Years.100.Movies-Part2/OG.Part2.法律边缘.Beyond.the.Law.DVDRip.x264-AeroHut.mkv
/Volumes/分类/合集/AFI百年百部经典/【飞屋】AFI's.100.Years.100.Movies-Part3	/Volumes/分类/合集/AFI百年百部经典/【飞屋】AFI's.100.Years.100.Movies-Part3/Part3.家庭事务.Family.Affairs.DVDRip.x264-AeroHut.mkv	/Volumes/分类/合集/AFI百年百部经典/Part3.家庭事务.Family.Affairs.DVDRip.x264-AeroHut.mkv	1	1	0	/Volumes/分类/合集/AFI百年百部经典/【飞屋】AFI's.100.Years.100.Movies-Part3/OG.Part3.家庭事务.Family.Affairs.DVDRip.x264-AeroHut.mkv
/Volumes/分类/合集/AFI百年百部经典/【飞屋】AFI's.100.Years.100.Movies-Part4	/Volumes/分类/合集/AFI百年百部经典/【飞屋】AFI's.100.Years.100.Movies-Part4/Part4.探索之途.In.Search.of.DVDRip.x264-AeroHut.mkv	/Volumes/分类/合集/AFI百年百部经典/Part4.探索之途.In.Search.of.DVDRip.x264-AeroHut.mkv	1	1	0	/Volumes/分类/合集/AFI百年百部经典/【飞屋】AFI's.100.Years.100.Movies-Part4/OG.Part4.探索之途.In.Search.of.DVDRip.x264-AeroHut.mkv
/Volumes/分类/合集/AFI百年百部经典/【飞屋】AFI's.100.Years.100.Movies-Part6	/Volumes/分类/合集/AFI百年百部经典/【飞屋】AFI's.100.Years.100.Movies-Part6/Part6.战争与和平.War.and.Peace.DVDRip.x264-AeroHut.mkv	/Volumes/分类/合集/AFI百年百部经典/Part6.战争与和平.War.and.Peace.DVDRip.x264-AeroHut.mkv	1	1	0	/Volumes/分类/合集/AFI百年百部经典/【飞屋】AFI's.100.Years.100.Movies-Part6/OG.Part6.战争与和平.War.and.Peace.DVDRip.x264-AeroHut.mkv
/Volumes/分类/合集/AFI百年百部经典/【飞屋】AFI's.100.Years.100.Movies-Part9	/Volumes/分类/合集/AFI百年百部经典/【飞屋】AFI's.100.Years.100.Movies-Part9/Part9.失控的恐惧.Out.of.Control.DVDRip.x264-AeroHut.mkv	/Volumes/分类/合集/AFI百年百部经典/Part9.失控的恐惧.Out.of.Control.DVDRip.x264-AeroHut.mkv	1	1	0	/Volumes/分类/合集/AFI百年百部经典/【飞屋】AFI's.100.Years.100.Movies-Part9/OG.Part9.失控的恐惧.Out.of.Control.DVDRip.x264-AeroHut.mkv
/Volumes/分类/合集/要分类/勇往直前	/Volumes/分类/合集/要分类/勇往直前/The.lonious.Monk-Straight.No.Chaser.Divx.mkv	/Volumes/分类/合集/要分类/The.lonious.Monk-Straight.No.Chaser.Divx.mkv	1	1	0	/Volumes/分类/合集/要分类/勇往直前/OG.The.lonious.Monk-Straight.No.Chaser.Divx.mkv
/Volumes/分类/名著改编/卡夫卡电影作品集/城堡	/Volumes/分类/名著改编/卡夫卡电影作品集/城堡/Das+Schloss+(1968).Tv-Rip+3Sat.20.10.2004+[NO+SUB].mkv	/Volumes/分类/名著改编/卡夫卡电影作品集/Das+Schloss+(1968).Tv-Rip+3Sat.20.10.2004+[NO+SUB].mkv	1	3	0	/Volumes/分类/名著改编/卡夫卡电影作品集/城堡/OG.Das+Schloss+(1968).Tv-Rip+3Sat.20.10.2004+[NO+SUB].mkv
/Volumes/分类/喜剧/四只狮子	/Volumes/分类/喜剧/四只狮子/[四头狮子].Four.Lions.LIMITED.DVDRip.XviD-SAPHiRE.chs.srt.mkv	/Volumes/分类/喜剧/[四头狮子].Four.Lions.LIMITED.DVDRip.XviD-SAPHiRE.chs.srt.mkv	1	1	0	/Volumes/分类/喜剧/四只狮子/OG.[四头狮子].Four.Lions.LIMITED.DVDRip.XviD-SAPHiRE.chs.srt.mkv
/Volumes/分类/喜剧/大市民	/Volumes/分类/喜剧/大市民/Metropolitan.1990.CC.BDRip.X264.iNT-TLF.mkv	/Volumes/分类/喜剧/Metropolitan.1990.CC.BDRip.X264.iNT-TLF.mkv	1	3	0	/Volumes/分类/喜剧/大市民/OG.Metropolitan.1990.CC.BDRip.X264.iNT-TLF.mkv
/Volumes/分类/喜剧/我生命中最美好的夜晚	/Volumes/分类/喜剧/我生命中最美好的夜晚/我生命中最美好的夜晚 La Piu   Bella Serata Della Mia Vita.mkv	/Volumes/分类/喜剧/我生命中最美好的夜晚 La Piu   Bella Serata Della Mia Vita.mkv	1	1	0	/Volumes/分类/喜剧/我生命中最美好的夜晚/OG.我生命中最美好的夜晚 La Piu   Bella Serata Della Mia Vita.mkv
/Volumes/分类/喜剧/普朗克博士	/Volumes/分类/喜剧/普朗克博士/普伦克博士Dr.Plonk_2007.mkv	/Volumes/分类/喜剧/普伦克博士Dr.Plonk_2007.mkv	1	2	0	/Volumes/分类/喜剧/普朗克博士/OG.普伦克博士Dr.Plonk_2007.mkv
/Volumes/分类/喜剧/橡树	/Volumes/分类/喜剧/橡树/Balanta.1992.Pintilie.(The.Oak).(Le.Chene).DVDivx5.mkv	/Volumes/分类/喜剧/Balanta.1992.Pintilie.(The.Oak).(Le.Chene).DVDivx5.mkv	1	3	0	/Volumes/分类/喜剧/橡树/OG.Balanta.1992.Pintilie.(The.Oak).(Le.Chene).DVDivx5.mkv
/Volumes/分类/喜剧/灵魂歌手	/Volumes/分类/喜剧/灵魂歌手/灵魂歌手.Soul.Men.2008.PROPER.DVDRip.XviD-VoMiT.mkv	/Volumes/分类/喜剧/灵魂歌手.Soul.Men.2008.PROPER.DVDRip.XviD-VoMiT.mkv	1	2	0	/Volumes/分类/喜剧/灵魂歌手/OG.灵魂歌手.Soul.Men.2008.PROPER.DVDRip.XviD-VoMiT.mkv
/Volumes/分类/喜剧/爱上冰山的女人	/Volumes/分类/喜剧/爱上冰山的女人/愛上冰山的女人Liceberg-faye-xvid.mkv	/Volumes/分类/喜剧/愛上冰山的女人Liceberg-faye-xvid.mkv	1	1	0	/Volumes/分类/喜剧/爱上冰山的女人/OG.愛上冰山的女人Liceberg-faye-xvid.mkv
/Volumes/分类/喜剧/爱我就让我快乐	/Volumes/分类/喜剧/爱我就让我快乐/爱我就让我快乐.Solondz,.Todd.1998.Happiness.mkv	/Volumes/分类/喜剧/爱我就让我快乐.Solondz,.Todd.1998.Happiness.mkv	1	1	0	/Volumes/分类/喜剧/爱我就让我快乐/OG.爱我就让我快乐.Solondz,.Todd.1998.Happiness.mkv
/Volumes/分类/喜剧/简单西蒙	/Volumes/分类/喜剧/简单西蒙/I.Rymden.Finns.Inga.K_nslor.2010.SWEDISH.DVDRip.XviD-Pride86.mkv	/Volumes/分类/喜剧/I.Rymden.Finns.Inga.K_nslor.2010.SWEDISH.DVDRip.XviD-Pride86.mkv	1	1	0	/Volumes/分类/喜剧/简单西蒙/OG.I.Rymden.Finns.Inga.K_nslor.2010.SWEDISH.DVDRip.XviD-Pride86.mkv
/Volumes/分类/喜剧/网名之战	/Volumes/分类/喜剧/网名之战/网名之战fico-dotcom.mkv	/Volumes/分类/喜剧/网名之战fico-dotcom.mkv	1	2	0	/Volumes/分类/喜剧/网名之战/OG.网名之战fico-dotcom.mkv
/Volumes/分类/喜剧/罗宾逊我的英国祖父	/Volumes/分类/喜剧/罗宾逊我的英国祖父/罗宾逊我的英国祖父robinzoniada.ili.moj.anglijskij.dedushka-muxed.mkv	/Volumes/分类/喜剧/罗宾逊我的英国祖父robinzoniada.ili.moj.anglijskij.dedushka-muxed.mkv	1	3	0	/Volumes/分类/喜剧/罗宾逊我的英国祖父/OG.罗宾逊我的英国祖父robinzoniada.ili.moj.anglijskij.dedushka-muxed.mkv
/Volumes/分类/喜剧/莫扎特区	/Volumes/分类/喜剧/莫扎特区/Jean-Pierre_Bekolo_-_Quartier_Mozart.mkv	/Volumes/分类/喜剧/Jean-Pierre_Bekolo_-_Quartier_Mozart.mkv	1	1	0	/Volumes/分类/喜剧/莫扎特区/OG.Jean-Pierre_Bekolo_-_Quartier_Mozart.mkv
/Volumes/分类/喜剧/蓬车队(英字)	/Volumes/分类/喜剧/蓬车队(英字)/The_Band_Wagon_(1953).mkv	/Volumes/分类/喜剧/The_Band_Wagon_(1953).mkv	1	1	0	/Volumes/分类/喜剧/蓬车队(英字)/OG.The_Band_Wagon_(1953).mkv
/Volumes/分类/喜剧/迟到的婚礼	/Volumes/分类/喜剧/迟到的婚礼/Late[1].Marriage.2001..mkv	/Volumes/分类/喜剧/Late[1].Marriage.2001..mkv	1	1	0	/Volumes/分类/喜剧/迟到的婚礼/OG.Late[1].Marriage.2001..mkv
/Volumes/分类/喜剧/阿尔菲	/Volumes/分类/喜剧/阿尔菲/Alfie_(1966).mkv	/Volumes/分类/喜剧/Alfie_(1966).mkv	1	2	0	/Volumes/分类/喜剧/阿尔菲/OG.Alfie_(1966).mkv
/Volumes/分类/喜剧/隔壁的八重	/Volumes/分类/喜剧/隔壁的八重/Our_Neighbor,_Miss_Yae.mkv	/Volumes/分类/喜剧/Our_Neighbor,_Miss_Yae.mkv	1	1	0	/Volumes/分类/喜剧/隔壁的八重/OG.Our_Neighbor,_Miss_Yae.mkv
/Volumes/分类/怪兽/绿液惊魂	/Volumes/分类/怪兽/绿液惊魂/Cold.Storage.2026.2160p.AMZN.WEB.DL.DDP5.1.H.265.BYNDR.mkv	/Volumes/分类/怪兽/Cold.Storage.2026.2160p.AMZN.WEB.DL.DDP5.1.H.265.BYNDR.mkv	1	1	0	/Volumes/分类/怪兽/绿液惊魂/OG.Cold.Storage.2026.2160p.AMZN.WEB.DL.DDP5.1.H.265.BYNDR.mkv
/Volumes/分类/恐怖/恐怖女子高校	/Volumes/分类/恐怖/恐怖女子高校/恐怖女子高校.mkv	/Volumes/分类/恐怖/恐怖女子高校.mkv	1	1	0	/Volumes/分类/恐怖/恐怖女子高校/OG.恐怖女子高校.mkv
/Volumes/分类/惊悚·犯罪·动作/11点14	/Volumes/分类/惊悚·犯罪·动作/11点14/11点14.11.14.2003.BDRip.X264-TLF.mkv	/Volumes/分类/惊悚·犯罪·动作/11点14.11.14.2003.BDRip.X264-TLF.mkv	1	1	0	/Volumes/分类/惊悚·犯罪·动作/11点14/OG.11点14.11.14.2003.BDRip.X264-TLF.mkv
/Volumes/分类/惊悚·犯罪·动作/你从未在此	/Volumes/分类/惊悚·犯罪·动作/你从未在此/You.Were.Never.Really.Here.2017.BDRip.X264.iNT-TLF.mkv	/Volumes/分类/惊悚·犯罪·动作/You.Were.Never.Really.Here.2017.BDRip.X264.iNT-TLF.mkv	1	1	0	/Volumes/分类/惊悚·犯罪·动作/你从未在此/OG.You.Were.Never.Really.Here.2017.BDRip.X264.iNT-TLF.mkv
/Volumes/分类/惊悚·犯罪·动作/告密者	/Volumes/分类/惊悚·犯罪·动作/告密者/告密者.The.Informer.1935.528x384.24fps.96kbs.96mp3.WunSeeDee.mkv	/Volumes/分类/惊悚·犯罪·动作/告密者.The.Informer.1935.528x384.24fps.96kbs.96mp3.WunSeeDee.mkv	1	2	0	/Volumes/分类/惊悚·犯罪·动作/告密者/OG.告密者.The.Informer.1935.528x384.24fps.96kbs.96mp3.WunSeeDee.mkv
/Volumes/分类/惊悚·犯罪·动作/审问	/Volumes/分类/惊悚·犯罪·动作/审问/przesluchanie.mkv	/Volumes/分类/惊悚·犯罪·动作/przesluchanie.mkv	1	2	0	/Volumes/分类/惊悚·犯罪·动作/审问/OG.przesluchanie.mkv
/Volumes/分类/惊悚·犯罪·动作/无水之池	/Volumes/分类/惊悚·犯罪·动作/无水之池/Koji_Wakamatsu_-_A_pool_without_water_-_evil_XviD.mkv	/Volumes/分类/惊悚·犯罪·动作/Koji_Wakamatsu_-_A_pool_without_water_-_evil_XviD.mkv	1	1	0	/Volumes/分类/惊悚·犯罪·动作/无水之池/OG.Koji_Wakamatsu_-_A_pool_without_water_-_evil_XviD.mkv
/Volumes/分类/惊悚·犯罪·动作/来自玛茹西亚的信	/Volumes/分类/惊悚·犯罪·动作/来自玛茹西亚的信/Actas_de_Marusia.mkv	/Volumes/分类/惊悚·犯罪·动作/Actas_de_Marusia.mkv	1	1	0	/Volumes/分类/惊悚·犯罪·动作/来自玛茹西亚的信/OG.Actas_de_Marusia.mkv
/Volumes/分类/惊悚·犯罪·动作/真相至上	/Volumes/分类/惊悚·犯罪·动作/真相至上/真相至上.Nothing.But.The.Truth.2008.LiMiTED.DVDRiP.XViD-ARiGOLD.mkv	/Volumes/分类/惊悚·犯罪·动作/真相至上.Nothing.But.The.Truth.2008.LiMiTED.DVDRiP.XViD-ARiGOLD.mkv	1	1	0	/Volumes/分类/惊悚·犯罪·动作/真相至上/OG.真相至上.Nothing.But.The.Truth.2008.LiMiTED.DVDRiP.XViD-ARiGOLD.mkv
/Volumes/分类/惊悚·犯罪·动作/被窃油画的假设	/Volumes/分类/惊悚·犯罪·动作/被窃油画的假设/Raoul_Ruiz,_La_Hypothèse_du_tableau_volé,_1979.mkv	/Volumes/分类/惊悚·犯罪·动作/Raoul_Ruiz,_La_Hypothèse_du_tableau_volé,_1979.mkv	1	3	0	/Volumes/分类/惊悚·犯罪·动作/被窃油画的假设/OG.Raoul_Ruiz,_La_Hypothèse_du_tableau_volé,_1979.mkv
/Volumes/分类/战争/光之屋	/Volumes/分类/战争/光之屋/Maria.Saakian.Mayak.mkv	/Volumes/分类/战争/Maria.Saakian.Mayak.mkv	1	1	0	/Volumes/分类/战争/光之屋/OG.Maria.Saakian.Mayak.mkv
/Volumes/分类/战争/最后的列车	/Volumes/分类/战争/最后的列车/Posl.Poezd.mkv	/Volumes/分类/战争/Posl.Poezd.mkv	1	2	0	/Volumes/分类/战争/最后的列车/OG.Posl.Poezd.mkv
/Volumes/分类/歌舞/是的	/Volumes/分类/歌舞/是的/Yes.2025.1080p.WEB-DL.AAC2.0.H.264-Phallus.mkv	/Volumes/分类/歌舞/Yes.2025.1080p.WEB-DL.AAC2.0.H.264-Phallus.mkv	1	1	0	/Volumes/分类/歌舞/是的/OG.Yes.2025.1080p.WEB-DL.AAC2.0.H.264-Phallus.mkv
/Volumes/分类/爱情/情定日落桥	/Volumes/分类/爱情/情定日落桥/a.little.romance.1979.dvdrip.xvid-javaopera.mkv	/Volumes/分类/爱情/a.little.romance.1979.dvdrip.xvid-javaopera.mkv	1	1	0	/Volumes/分类/爱情/情定日落桥/OG.a.little.romance.1979.dvdrip.xvid-javaopera.mkv
/Volumes/分类/爱情/我一直深爱着你	/Volumes/分类/爱情/我一直深爱着你/我一直深爱着你.mkv	/Volumes/分类/爱情/我一直深爱着你.mkv	1	1	0	/Volumes/分类/爱情/我一直深爱着你/OG.我一直深爱着你.mkv
/Volumes/分类/爱情/爱情灵药	/Volumes/分类/爱情/爱情灵药/爱情灵药.Better.Than.Sex.2002.DVDRip.D.mkv	/Volumes/分类/爱情/爱情灵药.Better.Than.Sex.2002.DVDRip.D.mkv	1	1	0	/Volumes/分类/爱情/爱情灵药/OG.爱情灵药.Better.Than.Sex.2002.DVDRip.D.mkv
/Volumes/分类/爱情/爱的回忆	/Volumes/分类/爱情/爱的回忆/Loving.Memory.1969.BDRip.XviD-AEN.mkv	/Volumes/分类/爱情/Loving.Memory.1969.BDRip.XviD-AEN.mkv	1	1	0	/Volumes/分类/爱情/爱的回忆/OG.Loving.Memory.1969.BDRip.XviD-AEN.mkv
/Volumes/分类/短篇集/七月	/Volumes/分类/短篇集/七月/七月Shilde+(Darezhan+Omirbayev_+1988).mkv	/Volumes/分类/短篇集/七月Shilde+(Darezhan+Omirbayev_+1988).mkv	1	4	0	/Volumes/分类/短篇集/七月/OG.七月Shilde+(Darezhan+Omirbayev_+1988).mkv
/Volumes/分类/短篇集/二十岁之恋	/Volumes/分类/短篇集/二十岁之恋/二十岁之恋Love.at.Twenty.1962.mkv	/Volumes/分类/短篇集/二十岁之恋Love.at.Twenty.1962.mkv	1	2	0	/Volumes/分类/短篇集/二十岁之恋/OG.二十岁之恋Love.at.Twenty.1962.mkv
/Volumes/分类/短篇集/亚尔斯	/Volumes/分类/短篇集/亚尔斯/Ars.mkv	/Volumes/分类/短篇集/Ars.mkv	1	1	0	/Volumes/分类/短篇集/亚尔斯/OG.Ars.mkv
/Volumes/分类/短篇集/人权故事（短篇集）	/Volumes/分类/短篇集/人权故事（短篇集）/sohr_cut3.mkv	/Volumes/分类/短篇集/sohr_cut3.mkv	1	2	0	/Volumes/分类/短篇集/人权故事（短篇集）/OG.sohr_cut3.mkv
/Volumes/分类/短篇集/全州电影节三人三色/About Love	/Volumes/分类/短篇集/全州电影节三人三色/About Love/About_Love.mkv	/Volumes/分类/短篇集/全州电影节三人三色/About_Love.mkv	1	2	0	/Volumes/分类/短篇集/全州电影节三人三色/About Love/OG.About_Love.mkv
/Volumes/分类/短篇集/全州电影节三人三色/No Day Off	/Volumes/分类/短篇集/全州电影节三人三色/No Day Off/No_Day_Off.mkv	/Volumes/分类/短篇集/全州电影节三人三色/No_Day_Off.mkv	1	2	0	/Volumes/分类/短篇集/全州电影节三人三色/No Day Off/OG.No_Day_Off.mkv
/Volumes/分类/短篇集/全州电影节三人三色/Twelve Twenty	/Volumes/分类/短篇集/全州电影节三人三色/Twelve Twenty/Twelve_Twenty.mkv	/Volumes/分类/短篇集/全州电影节三人三色/Twelve_Twenty.mkv	1	1	0	/Volumes/分类/短篇集/全州电影节三人三色/Twelve Twenty/OG.Twelve_Twenty.mkv
/Volumes/分类/短篇集/受监护人	/Volumes/分类/短篇集/受监护人/Sticenik.DVDRip.XviD-CG.mkv	/Volumes/分类/短篇集/Sticenik.DVDRip.XviD-CG.mkv	1	2	0	/Volumes/分类/短篇集/受监护人/OG.Sticenik.DVDRip.XviD-CG.mkv
/Volumes/分类/短篇集/古尔德的32个短片	/Volumes/分类/短篇集/古尔德的32个短片/Thirty Two Short Films About Glenn Gould.mkv	/Volumes/分类/短篇集/Thirty Two Short Films About Glenn Gould.mkv	1	1	0	/Volumes/分类/短篇集/古尔德的32个短片/OG.Thirty Two Short Films About Glenn Gould.mkv
/Volumes/分类/短篇集/囚鸟	/Volumes/分类/短篇集/囚鸟/Lajos.Lázár.-.Rabmadár.1929.TVRip.DivX-SzBalazs.mkv	/Volumes/分类/短篇集/Lajos.Lázár.-.Rabmadár.1929.TVRip.DivX-SzBalazs.mkv	1	1	0	/Volumes/分类/短篇集/囚鸟/OG.Lajos.Lázár.-.Rabmadár.1929.TVRip.DivX-SzBalazs.mkv
/Volumes/分类/短篇集/堤	/Volumes/分类/短篇集/堤/la jet閑.mkv	/Volumes/分类/短篇集/la jet閑.mkv	1	1	0	/Volumes/分类/短篇集/堤/OG.la jet閑.mkv
/Volumes/分类/短篇集/大多数人生活在中国	/Volumes/分类/短篇集/大多数人生活在中国/2002_[大多数人生活在中国].mkv	/Volumes/分类/短篇集/2002_[大多数人生活在中国].mkv	1	0	0	/Volumes/分类/短篇集/大多数人生活在中国/OG.2002_[大多数人生活在中国].mkv
/Volumes/分类/短篇集/安德里耶什	/Volumes/分类/短篇集/安德里耶什/Andriech.Serguei+Paradjanov.pedro.mkv	/Volumes/分类/短篇集/Andriech.Serguei+Paradjanov.pedro.mkv	1	1	0	/Volumes/分类/短篇集/安德里耶什/OG.Andriech.Serguei+Paradjanov.pedro.mkv
/Volumes/分类/短篇集/拉丽莎	/Volumes/分类/短篇集/拉丽莎/Larisa-1980-Elem.Klimov.mkv	/Volumes/分类/短篇集/Larisa-1980-Elem.Klimov.mkv	1	3	0	/Volumes/分类/短篇集/拉丽莎/OG.Larisa-1980-Elem.Klimov.mkv
/Volumes/分类/短篇集/新房客	/Volumes/分类/短篇集/新房客/新房客The.New.Tenants.2009.Short.Film-ultrafluke.mkv	/Volumes/分类/短篇集/新房客The.New.Tenants.2009.Short.Film-ultrafluke.mkv	1	1	0	/Volumes/分类/短篇集/新房客/OG.新房客The.New.Tenants.2009.Short.Film-ultrafluke.mkv
/Volumes/分类/短篇集/朦胧的赫拉克利特	/Volumes/分类/短篇集/朦胧的赫拉克利特/Heraclite l'obscur.mkv	/Volumes/分类/短篇集/Heraclite l'obscur.mkv	1	2	0	/Volumes/分类/短篇集/朦胧的赫拉克利特/OG.Heraclite l'obscur.mkv
/Volumes/分类/短篇集/机器人嘉年华	/Volumes/分类/短篇集/机器人嘉年华/[机器人嘉年华].[elite-manga][Robot.Carnival]-[x264.HeAAC2.5.1][JAP.FR.Sub.FR].mkv	/Volumes/分类/短篇集/[机器人嘉年华].[elite-manga][Robot.Carnival]-[x264.HeAAC2.5.1][JAP.FR.Sub.FR].mkv	1	1	0	/Volumes/分类/短篇集/机器人嘉年华/OG.[机器人嘉年华].[elite-manga][Robot.Carnival]-[x264.HeAAC2.5.1][JAP.FR.Sub.FR].mkv
/Volumes/分类/短篇集/深渊	/Volumes/分类/短篇集/深渊/The_Abyss.mkv	/Volumes/分类/短篇集/The_Abyss.mkv	1	1	0	/Volumes/分类/短篇集/深渊/OG.The_Abyss.mkv
/Volumes/分类/短篇集/火车到站	/Volumes/分类/短篇集/火车到站/Trofim (Aleksei Balabanov) 1995.mkv	/Volumes/分类/短篇集/Trofim (Aleksei Balabanov) 1995.mkv	1	1	0	/Volumes/分类/短篇集/火车到站/OG.Trofim (Aleksei Balabanov) 1995.mkv
/Volumes/分类/短篇集/电影人的假期	/Volumes/分类/短篇集/电影人的假期/电影人的假期les_vacances_du_cineaste.mkv	/Volumes/分类/短篇集/电影人的假期les_vacances_du_cineaste.mkv	1	1	0	/Volumes/分类/短篇集/电影人的假期/OG.电影人的假期les_vacances_du_cineaste.mkv
/Volumes/分类/短篇集/纪念日快乐！	/Volumes/分类/短篇集/纪念日快乐！/Heureux_Anniversaire-1962.mkv	/Volumes/分类/短篇集/Heureux_Anniversaire-1962.mkv	1	1	0	/Volumes/分类/短篇集/纪念日快乐！/OG.Heureux_Anniversaire-1962.mkv
/Volumes/分类/短篇集/维尔纽斯童话	/Volumes/分类/短篇集/维尔纽斯童话/Vilniaus_pasaka_[lt-sub_en].mkv	/Volumes/分类/短篇集/Vilniaus_pasaka_[lt-sub_en].mkv	1	2	0	/Volumes/分类/短篇集/维尔纽斯童话/OG.Vilniaus_pasaka_[lt-sub_en].mkv
/Volumes/分类/短篇集/蜥蜴的变换	/Volumes/分类/短篇集/蜥蜴的变换/Paul Verhoeven - Een Hagedis teveel (1960).mkv	/Volumes/分类/短篇集/Paul Verhoeven - Een Hagedis teveel (1960).mkv	1	2	0	/Volumes/分类/短篇集/蜥蜴的变换/OG.Paul Verhoeven - Een Hagedis teveel (1960).mkv
/Volumes/分类/短篇集/银行事件	/Volumes/分类/短篇集/银行事件/银行事件.mkv	/Volumes/分类/短篇集/银行事件.mkv	1	1	0	/Volumes/分类/短篇集/银行事件/OG.银行事件.mkv
/Volumes/分类/短篇集/非关欲望	/Volumes/分类/短篇集/非关欲望/InSpiteOfWishingAndWanting2002.mkv	/Volumes/分类/短篇集/InSpiteOfWishingAndWanting2002.mkv	1	2	0	/Volumes/分类/短篇集/非关欲望/OG.InSpiteOfWishingAndWanting2002.mkv
/Volumes/分类/短篇集/骚红	/Volumes/分类/短篇集/骚红/Blush2005.mkv	/Volumes/分类/短篇集/Blush2005.mkv	1	3	0	/Volumes/分类/短篇集/骚红/OG.Blush2005.mkv
/Volumes/分类/科幻·奇幻/下妻物语	/Volumes/分类/科幻·奇幻/下妻物语/下妻物语.mkv	/Volumes/分类/科幻·奇幻/下妻物语.mkv	1	2	0	/Volumes/分类/科幻·奇幻/下妻物语/OG.下妻物语.mkv
/Volumes/分类/科幻·奇幻/公寓少女	/Volumes/分类/科幻·奇幻/公寓少女/Fine_mrtve_djevojke_cro_(2002_DVDRip_kris93)_of_crowebs.mkv	/Volumes/分类/科幻·奇幻/Fine_mrtve_djevojke_cro_(2002_DVDRip_kris93)_of_crowebs.mkv	1	2	0	/Volumes/分类/科幻·奇幻/公寓少女/OG.Fine_mrtve_djevojke_cro_(2002_DVDRip_kris93)_of_crowebs.mkv
/Volumes/分类/科幻·奇幻/化身博士	/Volumes/分类/科幻·奇幻/化身博士/Dr.Jekyll.and.Mr.Hyde.1941.DVDRip.XviD-FRAGMENT.mkv	/Volumes/分类/科幻·奇幻/Dr.Jekyll.and.Mr.Hyde.1941.DVDRip.XviD-FRAGMENT.mkv	1	2	0	/Volumes/分类/科幻·奇幻/化身博士/OG.Dr.Jekyll.and.Mr.Hyde.1941.DVDRip.XviD-FRAGMENT.mkv
/Volumes/分类/科幻·奇幻/小木人	/Volumes/分类/科幻·奇幻/小木人/waste-knerten.dvdrip.xvid.mkv	/Volumes/分类/科幻·奇幻/waste-knerten.dvdrip.xvid.mkv	1	2	0	/Volumes/分类/科幻·奇幻/小木人/OG.waste-knerten.dvdrip.xvid.mkv
/Volumes/分类/科幻·奇幻/巧克力情人	/Volumes/分类/科幻·奇幻/巧克力情人/巧克力情人.Como.Agua.para.Chocolate.1992.Spanish.DVDRip.DivX.mkv	/Volumes/分类/科幻·奇幻/巧克力情人.Como.Agua.para.Chocolate.1992.Spanish.DVDRip.DivX.mkv	1	2	0	/Volumes/分类/科幻·奇幻/巧克力情人/OG.巧克力情人.Como.Agua.para.Chocolate.1992.Spanish.DVDRip.DivX.mkv
/Volumes/分类/科幻·奇幻/恐怖游轮	/Volumes/分类/科幻·奇幻/恐怖游轮/恐怖游轮.Triangle.2009.BDRip.X264-TLF.mkv	/Volumes/分类/科幻·奇幻/恐怖游轮.Triangle.2009.BDRip.X264-TLF.mkv	1	1	0	/Volumes/分类/科幻·奇幻/恐怖游轮/OG.恐怖游轮.Triangle.2009.BDRip.X264-TLF.mkv
/Volumes/分类/科幻·奇幻/月孩	/Volumes/分类/科幻·奇幻/月孩/月孩.mkv	/Volumes/分类/科幻·奇幻/月孩.mkv	1	1	0	/Volumes/分类/科幻·奇幻/月孩/OG.月孩.mkv
/Volumes/分类/科幻·奇幻/睡衣男異次元空間	/Volumes/分类/科幻·奇幻/睡衣男異次元空間/睡衣男異次元空間.Symbol.2009.JAP.DVDRip.XviD-GiNJi.mkv	/Volumes/分类/科幻·奇幻/睡衣男異次元空間.Symbol.2009.JAP.DVDRip.XviD-GiNJi.mkv	1	2	0	/Volumes/分类/科幻·奇幻/睡衣男異次元空間/OG.睡衣男異次元空間.Symbol.2009.JAP.DVDRip.XviD-GiNJi.mkv
/Volumes/分类/科幻·奇幻/蝇王	/Volumes/分类/科幻·奇幻/蝇王/蝇王.Lord.of.the.Flies.1990.DVDRip.DivX.mkv	/Volumes/分类/科幻·奇幻/蝇王.Lord.of.the.Flies.1990.DVDRip.DivX.mkv	1	1	0	/Volumes/分类/科幻·奇幻/蝇王/OG.蝇王.Lord.of.the.Flies.1990.DVDRip.DivX.mkv
/Volumes/分类/纪录/一米四	/Volumes/分类/纪录/一米四/Einsvierzig.1980.Ulrich.Seidl.Xvid.KG-stahl.mkv	/Volumes/分类/纪录/Einsvierzig.1980.Ulrich.Seidl.Xvid.KG-stahl.mkv	1	1	0	/Volumes/分类/纪录/一米四/OG.Einsvierzig.1980.Ulrich.Seidl.Xvid.KG-stahl.mkv
/Volumes/分类/纪录/今日达尔富尔	/Volumes/分类/纪录/今日达尔富尔/今日达尔富尔Darfur_Now_2007_LiMiTED_DVDRip_XviD_iGNiTE.mkv	/Volumes/分类/纪录/今日达尔富尔Darfur_Now_2007_LiMiTED_DVDRip_XviD_iGNiTE.mkv	1	3	0	/Volumes/分类/纪录/今日达尔富尔/OG.今日达尔富尔Darfur_Now_2007_LiMiTED_DVDRip_XviD_iGNiTE.mkv
/Volumes/分类/纪录/佩索阿遇上卡瓦菲斯的那个夜晚	/Volumes/分类/纪录/佩索阿遇上卡瓦菲斯的那个夜晚/佩索阿遇上卡瓦菲斯的那个夜晚the+Night+Fernando+Pessoa+Met+Constantin....mkv	/Volumes/分类/纪录/佩索阿遇上卡瓦菲斯的那个夜晚the+Night+Fernando+Pessoa+Met+Constantin....mkv	1	1	0	/Volumes/分类/纪录/佩索阿遇上卡瓦菲斯的那个夜晚/OG.佩索阿遇上卡瓦菲斯的那个夜晚the+Night+Fernando+Pessoa+Met+Constantin....mkv
/Volumes/分类/纪录/冢本图鉴	/Volumes/分类/纪录/冢本图鉴/Basic_Tsukamoto.mkv	/Volumes/分类/纪录/Basic_Tsukamoto.mkv	1	3	0	/Volumes/分类/纪录/冢本图鉴/OG.Basic_Tsukamoto.mkv
/Volumes/分类/纪录/夏日纪事	/Volumes/分类/纪录/夏日纪事/夏日纪事.Chronicle.of.a.Summer.1961.CC.BDRip.X264.iNT-TLF.mkv	/Volumes/分类/纪录/夏日纪事.Chronicle.of.a.Summer.1961.CC.BDRip.X264.iNT-TLF.mkv	1	2	1	/Volumes/分类/纪录/夏日纪事/OG.夏日纪事.Chronicle.of.a.Summer.1961.CC.BDRip.X264.iNT-TLF.mkv
/Volumes/分类/纪录/天地玄黄	/Volumes/分类/纪录/天地玄黄/天地玄黄.Baraka.1992.BDRip.x264-BMDru.mkv	/Volumes/分类/纪录/天地玄黄.Baraka.1992.BDRip.x264-BMDru.mkv	1	1	0	/Volumes/分类/纪录/天地玄黄/OG.天地玄黄.Baraka.1992.BDRip.x264-BMDru.mkv
/Volumes/分类/纪录/天明屋尚：新·武士藝術	/Volumes/分类/纪录/天明屋尚：新·武士藝術/Near.Equal.Tenmyouya.Hisashi.2006.DVDRip.XviD-MOC.mkv	/Volumes/分类/纪录/Near.Equal.Tenmyouya.Hisashi.2006.DVDRip.XviD-MOC.mkv	1	2	0	/Volumes/分类/纪录/天明屋尚：新·武士藝術/OG.Near.Equal.Tenmyouya.Hisashi.2006.DVDRip.XviD-MOC.mkv
/Volumes/分类/纪录/威尼斯和她的情人们	/Volumes/分类/纪录/威尼斯和她的情人们/Venise_et_ses_amants.mkv	/Volumes/分类/纪录/Venise_et_ses_amants.mkv	1	3	0	/Volumes/分类/纪录/威尼斯和她的情人们/OG.Venise_et_ses_amants.mkv
/Volumes/分类/纪录/宛若索鸟	/Volumes/分类/纪录/宛若索鸟/Wie_ein_Vogel_auf_dem_draht.mkv	/Volumes/分类/纪录/Wie_ein_Vogel_auf_dem_draht.mkv	1	1	0	/Volumes/分类/纪录/宛若索鸟/OG.Wie_ein_Vogel_auf_dem_draht.mkv
/Volumes/分类/纪录/家园	/Volumes/分类/纪录/家园/家园.Home.2009.Bluray.480p.AC3.x264-CHD.mkv	/Volumes/分类/纪录/家园.Home.2009.Bluray.480p.AC3.x264-CHD.mkv	1	1	0	/Volumes/分类/纪录/家园/OG.家园.Home.2009.Bluray.480p.AC3.x264-CHD.mkv
/Volumes/分类/纪录/愚昧年代	/Volumes/分类/纪录/愚昧年代/愚昧年代.The.Age.of.Stupid.2009.LiMiTED.DVDRip.XviD-LPD.mkv	/Volumes/分类/纪录/愚昧年代.The.Age.of.Stupid.2009.LiMiTED.DVDRip.XviD-LPD.mkv	1	1	0	/Volumes/分类/纪录/愚昧年代/OG.愚昧年代.The.Age.of.Stupid.2009.LiMiTED.DVDRip.XviD-LPD.mkv
/Volumes/分类/纪录/會田誠 無氣力大陸	/Volumes/分类/纪录/會田誠 無氣力大陸/Near.Equal.Aida.Makoto.2004.DVDRip.XviD-MOC.mkv	/Volumes/分类/纪录/Near.Equal.Aida.Makoto.2004.DVDRip.XviD-MOC.mkv	1	3	0	/Volumes/分类/纪录/會田誠 無氣力大陸/OG.Near.Equal.Aida.Makoto.2004.DVDRip.XviD-MOC.mkv
/Volumes/分类/纪录/月之阴影	/Volumes/分类/纪录/月之阴影/月之阴影.In.The.Shadow.Of.The.Moon.2007.x264.AC3-WAF.mkv	/Volumes/分类/纪录/月之阴影.In.The.Shadow.Of.The.Moon.2007.x264.AC3-WAF.mkv	1	1	0	/Volumes/分类/纪录/月之阴影/OG.月之阴影.In.The.Shadow.Of.The.Moon.2007.x264.AC3-WAF.mkv
/Volumes/分类/纪录/柏林愛樂和第三帝國	/Volumes/分类/纪录/柏林愛樂和第三帝國/Reichsorchester,_die_Berliner_Philharmoniker_und_der_NS.mkv	/Volumes/分类/纪录/Reichsorchester,_die_Berliner_Philharmoniker_und_der_NS.mkv	1	1	0	/Volumes/分类/纪录/柏林愛樂和第三帝國/OG.Reichsorchester,_die_Berliner_Philharmoniker_und_der_NS.mkv
/Volumes/分类/纪录/石头记录的历史——托卡伊山麓篇	/Volumes/分类/纪录/石头记录的历史——托卡伊山麓篇/Miklos_Jancso-A_kovek_uzenete_HEGYALJA_(1993).mkv	/Volumes/分类/纪录/Miklos_Jancso-A_kovek_uzenete_HEGYALJA_(1993).mkv	1	2	0	/Volumes/分类/纪录/石头记录的历史——托卡伊山麓篇/OG.Miklos_Jancso-A_kovek_uzenete_HEGYALJA_(1993).mkv
/Volumes/分类/纪录/舟越桂：低語呢喃的凝視	/Volumes/分类/纪录/舟越桂：低語呢喃的凝視/Near.Equal.Funakoshi.Katsura.2004.DVDRip.XviD-MOC.mkv	/Volumes/分类/纪录/Near.Equal.Funakoshi.Katsura.2004.DVDRip.XviD-MOC.mkv	1	2	0	/Volumes/分类/纪录/舟越桂：低語呢喃的凝視/OG.Near.Equal.Funakoshi.Katsura.2004.DVDRip.XviD-MOC.mkv
/Volumes/分类/纪录/贝洛夫兄妹	/Volumes/分类/纪录/贝洛夫兄妹/俄罗斯-Viktor.Kosakovsky-1993-贝洛夫兄妹-the.belovs'.mkv	/Volumes/分类/纪录/俄罗斯-Viktor.Kosakovsky-1993-贝洛夫兄妹-the.belovs'.mkv	1	1	0	/Volumes/分类/纪录/贝洛夫兄妹/OG.俄罗斯-Viktor.Kosakovsky-1993-贝洛夫兄妹-the.belovs'.mkv
/Volumes/分类/纪录/车站	/Volumes/分类/纪录/车站/车站LaStazione.mkv	/Volumes/分类/纪录/车站LaStazione.mkv	1	2	0	/Volumes/分类/纪录/车站/OG.车站LaStazione.mkv
/Volumes/分类/纪录/阿沃·帕特：24个序幕	/Volumes/分类/纪录/阿沃·帕特：24个序幕/阿沃·帕特：24个序幕.mkv	/Volumes/分类/纪录/阿沃·帕特：24个序幕.mkv	1	5	0	/Volumes/分类/纪录/阿沃·帕特：24个序幕/OG.阿沃·帕特：24个序幕.mkv
/Volumes/分类/青春·儿童/不害臊的姑娘	/Volumes/分类/青春·儿童/不害臊的姑娘/不害臊的姑娘.L.Effrontée.1985.mkv	/Volumes/分类/青春·儿童/不害臊的姑娘.L.Effrontée.1985.mkv	1	1	0	/Volumes/分类/青春·儿童/不害臊的姑娘/OG.不害臊的姑娘.L.Effrontée.1985.mkv
/Volumes/分类/青春·儿童/保罗街小子们	/Volumes/分类/青春·儿童/保罗街小子们/保罗街小子们.Pal-utcai.fiuk.Boys.from.Paul.Street.1969.Zoltan.Fabri.mkv	/Volumes/分类/青春·儿童/保罗街小子们.Pal-utcai.fiuk.Boys.from.Paul.Street.1969.Zoltan.Fabri.mkv	1	1	0	/Volumes/分类/青春·儿童/保罗街小子们/OG.保罗街小子们.Pal-utcai.fiuk.Boys.from.Paul.Street.1969.Zoltan.Fabri.mkv
/Volumes/分类/青春·儿童/出生证明	/Volumes/分类/青春·儿童/出生证明/出生证明Birth.Certificate.1961.DVDRip.XviD-WRD.mkv	/Volumes/分类/青春·儿童/出生证明Birth.Certificate.1961.DVDRip.XviD-WRD.mkv	1	2	0	/Volumes/分类/青春·儿童/出生证明/OG.出生证明Birth.Certificate.1961.DVDRip.XviD-WRD.mkv
/Volumes/分类/青春·儿童/和谐课程	/Volumes/分类/青春·儿童/和谐课程/Lecon.d.harmonie.2013.FR.DVDRip.mkv	/Volumes/分类/青春·儿童/Lecon.d.harmonie.2013.FR.DVDRip.mkv	1	1	0	/Volumes/分类/青春·儿童/和谐课程/OG.Lecon.d.harmonie.2013.FR.DVDRip.mkv
/Volumes/分类/青春·儿童/我是一只鹳	/Volumes/分类/青春·儿童/我是一只鹳/鹳的孩子.Je.suis.né.d'.une.cigogne.1999-J.mkv	/Volumes/分类/青春·儿童/鹳的孩子.Je.suis.né.d'.une.cigogne.1999-J.mkv	1	1	0	/Volumes/分类/青春·儿童/我是一只鹳/OG.鹳的孩子.Je.suis.né.d'.une.cigogne.1999-J.mkv
/Volumes/分类/青春·儿童/污泥	/Volumes/分类/青春·儿童/污泥/美国-Jeff.Nichols-2012-污泥Mud.720p.WEB-DL.H264-PublicHD.mkv	/Volumes/分类/青春·儿童/美国-Jeff.Nichols-2012-污泥Mud.720p.WEB-DL.H264-PublicHD.mkv	1	1	0	/Volumes/分类/青春·儿童/污泥/OG.美国-Jeff.Nichols-2012-污泥Mud.720p.WEB-DL.H264-PublicHD.mkv
/Volumes/分类/青春·儿童/爱上凯斯	/Volumes/分类/青春·儿童/爱上凯斯/爱上凯斯.Keith.2008.LiMiTED.DVDRip.XviD-XanaX.mkv	/Volumes/分类/青春·儿童/爱上凯斯.Keith.2008.LiMiTED.DVDRip.XviD-XanaX.mkv	1	1	0	/Volumes/分类/青春·儿童/爱上凯斯/OG.爱上凯斯.Keith.2008.LiMiTED.DVDRip.XviD-XanaX.mkv
/Volumes/分类/音乐/贫民嘻哈王	/Volumes/分类/音乐/贫民嘻哈王/Favela.Rising.2005.DVDRip.XviD-Pedr1nho.mkv	/Volumes/分类/音乐/Favela.Rising.2005.DVDRip.XviD-Pedr1nho.mkv	1	2	0	/Volumes/分类/音乐/贫民嘻哈王/OG.Favela.Rising.2005.DVDRip.XviD-Pedr1nho.mkv
/Volumes/分类/黑色电影/再见吾爱	/Volumes/分类/黑色电影/再见吾爱/再见吾爱Farewell.My.Lovely.1975.DVDRip.XviD-FiNaLe.mkv	/Volumes/分类/黑色电影/再见吾爱Farewell.My.Lovely.1975.DVDRip.XviD-FiNaLe.mkv	1	1	0	/Volumes/分类/黑色电影/再见吾爱/OG.再见吾爱Farewell.My.Lovely.1975.DVDRip.XviD-FiNaLe.mkv
/Volumes/分类/黑色电影/合约杀手	/Volumes/分类/黑色电影/合约杀手/合约杀手This_Gun_For_Hire_(1946).mkv	/Volumes/分类/黑色电影/合约杀手This_Gun_For_Hire_(1946).mkv	1	1	0	/Volumes/分类/黑色电影/合约杀手/OG.合约杀手This_Gun_For_Hire_(1946).mkv
/Volumes/分类/黑色电影/哭泣的城市	/Volumes/分类/黑色电影/哭泣的城市/哭泣的城市1948.Cry_Of_The_City.DVDRip.mkv	/Volumes/分类/黑色电影/哭泣的城市1948.Cry_Of_The_City.DVDRip.mkv	1	1	0	/Volumes/分类/黑色电影/哭泣的城市/OG.哭泣的城市1948.Cry_Of_The_City.DVDRip.mkv
/Volumes/分类/黑色电影/大钟	/Volumes/分类/黑色电影/大钟/大钟The_Big_Clock1948.mkv	/Volumes/分类/黑色电影/大钟The_Big_Clock1948.mkv	1	3	0	/Volumes/分类/黑色电影/大钟/OG.大钟The_Big_Clock1948.mkv
/Volumes/分类/黑色电影/无冕霸王	/Volumes/分类/黑色电影/无冕霸王/无冕霸王The_Harder_They_Fall.mkv	/Volumes/分类/黑色电影/无冕霸王The_Harder_They_Fall.mkv	1	3	0	/Volumes/分类/黑色电影/无冕霸王/OG.无冕霸王The_Harder_They_Fall.mkv
/Volumes/分类/黑色电影/无名街道	/Volumes/分类/黑色电影/无名街道/无名街道The_Street_With_No_Name(1948).mkv	/Volumes/分类/黑色电影/无名街道The_Street_With_No_Name(1948).mkv	1	3	0	/Volumes/分类/黑色电影/无名街道/OG.无名街道The_Street_With_No_Name(1948).mkv
/Volumes/分类/黑色电影/死吻	/Volumes/分类/黑色电影/死吻/死吻.Kiss.of.Death.1947.mkv	/Volumes/分类/黑色电影/死吻.Kiss.of.Death.1947.mkv	1	1	0	/Volumes/分类/黑色电影/死吻/OG.死吻.Kiss.of.Death.1947.mkv
/Volumes/分类/黑色电影/海角之魂	/Volumes/分类/黑色电影/海角之魂/海角之魂.Act.of.Violence.1948.mkv	/Volumes/分类/黑色电影/海角之魂.Act.of.Violence.1948.mkv	1	1	0	/Volumes/分类/黑色电影/海角之魂/OG.海角之魂.Act.of.Violence.1948.mkv
/Volumes/分类/黑色电影/满洲候选人	/Volumes/分类/黑色电影/满洲候选人/满洲候选人.The.Manchurian.Candidate.1962.CC.BDRip.X264.iNT-TLF.mkv	/Volumes/分类/黑色电影/满洲候选人.The.Manchurian.Candidate.1962.CC.BDRip.X264.iNT-TLF.mkv	1	2	0	/Volumes/分类/黑色电影/满洲候选人/OG.满洲候选人.The.Manchurian.Candidate.1962.CC.BDRip.X264.iNT-TLF.mkv
/Volumes/分类/黑色电影/狂恋	/Volumes/分类/黑色电影/狂恋/狂恋Leave_Her_To_Heaven1945.mkv	/Volumes/分类/黑色电影/狂恋Leave_Her_To_Heaven1945.mkv	1	3	0	/Volumes/分类/黑色电影/狂恋/OG.狂恋Leave_Her_To_Heaven1945.mkv
/Volumes/分类/黑色电影/狙击手	/Volumes/分类/黑色电影/狙击手/狙击手The_Sniper_(1962).mkv	/Volumes/分类/黑色电影/狙击手The_Sniper_(1962).mkv	1	3	0	/Volumes/分类/黑色电影/狙击手/OG.狙击手The_Sniper_(1962).mkv
/Volumes/分类/黑色电影/追踪	/Volumes/分类/黑色电影/追踪/追踪Pursued_(1947).mkv	/Volumes/分类/黑色电影/追踪Pursued_(1947).mkv	1	1	0	/Volumes/分类/黑色电影/追踪/OG.追踪Pursued_(1947).mkv
/Volumes/分类/黑色电影/阵容	/Volumes/分类/黑色电影/阵容/阵容The_Lineup_(1958).mkv	/Volumes/分类/黑色电影/阵容The_Lineup_(1958).mkv	1	3	0	/Volumes/分类/黑色电影/阵容/OG.阵容The_Lineup_(1958).mkv
/Volumes/导演们/丹尼斯·维伦纽瓦/边境杀手	/Volumes/导演们/丹尼斯·维伦纽瓦/边境杀手/边境杀手.Sicario.2015.BluRay.1080p.x265.10bit.AC3.iNT-TLF.mkv	/Volumes/导演们/丹尼斯·维伦纽瓦/边境杀手.Sicario.2015.BluRay.1080p.x265.10bit.AC3.iNT-TLF.mkv	1	2	0	/Volumes/导演们/丹尼斯·维伦纽瓦/边境杀手/OG.边境杀手.Sicario.2015.BluRay.1080p.x265.10bit.AC3.iNT-TLF.mkv
/Volumes/导演们/亚历克斯·加兰/湮灭	/Volumes/导演们/亚历克斯·加兰/湮灭/湮灭.Annihilation.2018.BDRip.X264.iNT-TLF.mkv	/Volumes/导演们/亚历克斯·加兰/湮灭.Annihilation.2018.BDRip.X264.iNT-TLF.mkv	1	1	0	/Volumes/导演们/亚历克斯·加兰/湮灭/OG.湮灭.Annihilation.2018.BDRip.X264.iNT-TLF.mkv
/Volumes/导演们/亚历山大·索科洛夫/孤独人类之声	/Volumes/导演们/亚历山大·索科洛夫/孤独人类之声/孤独人类之声.Odinokiy.golos.cheloveka.1987.Alexandr.Sokurov.mkv	/Volumes/导演们/亚历山大·索科洛夫/孤独人类之声.Odinokiy.golos.cheloveka.1987.Alexandr.Sokurov.mkv	1	1	0	/Volumes/导演们/亚历山大·索科洛夫/孤独人类之声/OG.孤独人类之声.Odinokiy.golos.cheloveka.1987.Alexandr.Sokurov.mkv
/Volumes/导演们/亚历斯·冯·华麦丹/北方小镇奇谈	/Volumes/导演们/亚历斯·冯·华麦丹/北方小镇奇谈/北方小镇奇谈.De.Noorderlingen.1992.mkv	/Volumes/导演们/亚历斯·冯·华麦丹/北方小镇奇谈.De.Noorderlingen.1992.mkv	1	1	0	/Volumes/导演们/亚历斯·冯·华麦丹/北方小镇奇谈/OG.北方小镇奇谈.De.Noorderlingen.1992.mkv
/Volumes/导演们/亚历斯·冯·华麦丹/小东尼	/Volumes/导演们/亚历斯·冯·华麦丹/小东尼/小东尼.Little.Tony.1998.Alex.van.Warmerdam.mkv	/Volumes/导演们/亚历斯·冯·华麦丹/小东尼.Little.Tony.1998.Alex.van.Warmerdam.mkv	1	1	0	/Volumes/导演们/亚历斯·冯·华麦丹/小东尼/OG.小东尼.Little.Tony.1998.Alex.van.Warmerdam.mkv
/Volumes/导演们/亚历斯·冯·华麦丹/艾玛布兰克的最后一天	/Volumes/导演们/亚历斯·冯·华麦丹/艾玛布兰克的最后一天/艾玛布兰克的最后一天.De.laatste.dagen.van.Emma.Blank.2009.mkv	/Volumes/导演们/亚历斯·冯·华麦丹/艾玛布兰克的最后一天.De.laatste.dagen.van.Emma.Blank.2009.mkv	1	3	0	/Volumes/导演们/亚历斯·冯·华麦丹/艾玛布兰克的最后一天/OG.艾玛布兰克的最后一天.De.laatste.dagen.van.Emma.Blank.2009.mkv
/Volumes/导演们/亚历斯·冯·华麦丹/阿宝	/Volumes/导演们/亚历斯·冯·华麦丹/阿宝/阿宝.Abel-Alex-Van-Warmerdam.1986.Tuxfart.mkv	/Volumes/导演们/亚历斯·冯·华麦丹/阿宝.Abel-Alex-Van-Warmerdam.1986.Tuxfart.mkv	1	2	0	/Volumes/导演们/亚历斯·冯·华麦丹/阿宝/OG.阿宝.Abel-Alex-Van-Warmerdam.1986.Tuxfart.mkv
/Volumes/导演们/伊利亚·卡赞/伊甸园之东	/Volumes/导演们/伊利亚·卡赞/伊甸园之东/伊甸园之东.East.of.Eden.1955.mkv	/Volumes/导演们/伊利亚·卡赞/伊甸园之东.East.of.Eden.1955.mkv	1	2	0	/Volumes/导演们/伊利亚·卡赞/伊甸园之东/OG.伊甸园之东.East.of.Eden.1955.mkv
/Volumes/导演们/伊利亚·卡赞/作法自毙	/Volumes/导演们/伊利亚·卡赞/作法自毙/作法自毙.Boomerang.1947.mkv	/Volumes/导演们/伊利亚·卡赞/作法自毙.Boomerang.1947.mkv	1	1	0	/Volumes/导演们/伊利亚·卡赞/作法自毙/OG.作法自毙.Boomerang.1947.mkv
/Volumes/导演们/保罗·索伦蒂诺/为父寻仇	/Volumes/导演们/保罗·索伦蒂诺/为父寻仇/为父寻仇.This.Must.Be.The.Place.2011.LIMITED.1080p.BluRay.x264-SPARKS.mkv	/Volumes/导演们/保罗·索伦蒂诺/为父寻仇.This.Must.Be.The.Place.2011.LIMITED.1080p.BluRay.x264-SPARKS.mkv	1	1	0	/Volumes/导演们/保罗·索伦蒂诺/为父寻仇/OG.为父寻仇.This.Must.Be.The.Place.2011.LIMITED.1080p.BluRay.x264-SPARKS.mkv
/Volumes/导演们/保罗·索伦蒂诺/同名的人	/Volumes/导演们/保罗·索伦蒂诺/同名的人/同名的人.L'uomo.in.piu.2001.DVDRip-AVC.mkv	/Volumes/导演们/保罗·索伦蒂诺/同名的人.L'uomo.in.piu.2001.DVDRip-AVC.mkv	1	1	0	/Volumes/导演们/保罗·索伦蒂诺/同名的人/OG.同名的人.L'uomo.in.piu.2001.DVDRip-AVC.mkv
/Volumes/导演们/克日什托夫·基耶斯洛夫斯基/关于基耶斯洛夫斯的纪录片/基耶斯洛夫斯如是说	/Volumes/导演们/克日什托夫·基耶斯洛夫斯基/关于基耶斯洛夫斯的纪录片/基耶斯洛夫斯如是说/基耶斯洛夫斯基谈基耶斯洛夫斯基.Krzysztof.Wierzbickii.-.1995.-.Krzysztof.Kieslowski-.I.m.so.so.(documentary).mkv	/Volumes/导演们/克日什托夫·基耶斯洛夫斯基/关于基耶斯洛夫斯的纪录片/基耶斯洛夫斯基谈基耶斯洛夫斯基.Krzysztof.Wierzbickii.-.1995.-.Krzysztof.Kieslowski-.I.m.so.so.(documentary).mkv	1	1	0	/Volumes/导演们/克日什托夫·基耶斯洛夫斯基/关于基耶斯洛夫斯的纪录片/基耶斯洛夫斯如是说/OG.基耶斯洛夫斯基谈基耶斯洛夫斯基.Krzysztof.Wierzbickii.-.1995.-.Krzysztof.Kieslowski-.I.m.so.so.(documentary).mkv
/Volumes/导演们/克林特·伊斯特伍德/天涯父子情	/Volumes/导演们/克林特·伊斯特伍德/天涯父子情/天涯父子情.Honkytonk.Man.1982.BIVX.FR.US.Alucard69-teste.DivXovore.com.mkv	/Volumes/导演们/克林特·伊斯特伍德/天涯父子情.Honkytonk.Man.1982.BIVX.FR.US.Alucard69-teste.DivXovore.com.mkv	1	1	0	/Volumes/导演们/克林特·伊斯特伍德/天涯父子情/OG.天涯父子情.Honkytonk.Man.1982.BIVX.FR.US.Alucard69-teste.DivXovore.com.mkv
/Volumes/导演们/克林特·伊斯特伍德/春花秋月未了情	/Volumes/导演们/克林特·伊斯特伍德/春花秋月未了情/春花秋月未了情.Breezy.(Vostf-Clint.Eastwood-William.Holden).-.1973.mkv	/Volumes/导演们/克林特·伊斯特伍德/春花秋月未了情.Breezy.(Vostf-Clint.Eastwood-William.Holden).-.1973.mkv	1	3	0	/Volumes/导演们/克林特·伊斯特伍德/春花秋月未了情/OG.春花秋月未了情.Breezy.(Vostf-Clint.Eastwood-William.Holden).-.1973.mkv
/Volumes/导演们/克林特·伊斯特伍德/迷雾追魂	/Volumes/导演们/克林特·伊斯特伍德/迷雾追魂/迷雾追魂.Play.Misty.for.Me.1971.DVDRip.mkv	/Volumes/导演们/克林特·伊斯特伍德/迷雾追魂.Play.Misty.for.Me.1971.DVDRip.mkv	1	1	0	/Volumes/导演们/克林特·伊斯特伍德/迷雾追魂/OG.迷雾追魂.Play.Misty.for.Me.1971.DVDRip.mkv
/Volumes/导演们/刘别谦/默片/从柏林来的迈耶	/Volumes/导演们/刘别谦/默片/从柏林来的迈耶/从柏林来的迈耶.Meyer.aus.Berlin.1919.mkv	/Volumes/导演们/刘别谦/默片/从柏林来的迈耶.Meyer.aus.Berlin.1919.mkv	1	2	0	/Volumes/导演们/刘别谦/默片/从柏林来的迈耶/OG.从柏林来的迈耶.Meyer.aus.Berlin.1919.mkv
/Volumes/导演们/刘别谦/默片/在我死后	/Volumes/导演们/刘别谦/默片/在我死后/在我死后.Als.Ich.tot.war.1916.mkv	/Volumes/导演们/刘别谦/默片/在我死后.Als.Ich.tot.war.1916.mkv	1	2	0	/Volumes/导演们/刘别谦/默片/在我死后/OG.在我死后.Als.Ich.tot.war.1916.mkv
/Volumes/导演们/刘别谦/默片/欢乐监狱	/Volumes/导演们/刘别谦/默片/欢乐监狱/欢乐监狱.Das.fidele.Gefangnis.1917.Lubitsch.DVDRip.by.Oldsen.para.divxclasico.com.XviD.mkv	/Volumes/导演们/刘别谦/默片/欢乐监狱.Das.fidele.Gefangnis.1917.Lubitsch.DVDRip.by.Oldsen.para.divxclasico.com.XviD.mkv	1	1	0	/Volumes/导演们/刘别谦/默片/欢乐监狱/OG.欢乐监狱.Das.fidele.Gefangnis.1917.Lubitsch.DVDRip.by.Oldsen.para.divxclasico.com.XviD.mkv
/Volumes/导演们/努里·比格·锡兰/小镇	/Volumes/导演们/努里·比格·锡兰/小镇/小镇.Nuri.Bilge.Ceylan-Kasaba.(.The.Town.).1998.mkv	/Volumes/导演们/努里·比格·锡兰/小镇.Nuri.Bilge.Ceylan-Kasaba.(.The.Town.).1998.mkv	1	3	0	/Volumes/导演们/努里·比格·锡兰/小镇/OG.小镇.Nuri.Bilge.Ceylan-Kasaba.(.The.Town.).1998.mkv
/Volumes/导演们/卡尔·西奥多·德莱叶/短片/丹麦小村教堂	/Volumes/导演们/卡尔·西奥多·德莱叶/短片/丹麦小村教堂/丹麦小村教堂.Landsbykirken.1947.dk.Dreyer.mkv	/Volumes/导演们/卡尔·西奥多·德莱叶/短片/丹麦小村教堂.Landsbykirken.1947.dk.Dreyer.mkv	1	2	0	/Volumes/导演们/卡尔·西奥多·德莱叶/短片/丹麦小村教堂/OG.丹麦小村教堂.Landsbykirken.1947.dk.Dreyer.mkv
/Volumes/导演们/卡尔·西奥多·德莱叶/短片/克罗根与卡隆堡	/Volumes/导演们/卡尔·西奥多·德莱叶/短片/克罗根与卡隆堡/克罗根与卡隆堡.The.Castle.Within.the.Castle.1955.DVDRip.XviD.mkv	/Volumes/导演们/卡尔·西奥多·德莱叶/短片/克罗根与卡隆堡.The.Castle.Within.the.Castle.1955.DVDRip.XviD.mkv	1	3	0	/Volumes/导演们/卡尔·西奥多·德莱叶/短片/克罗根与卡隆堡/OG.克罗根与卡隆堡.The.Castle.Within.the.Castle.1955.DVDRip.XviD.mkv
/Volumes/导演们/卡尔·西奥多·德莱叶/短片/土地来的水	/Volumes/导演们/卡尔·西奥多·德莱叶/短片/土地来的水/土地来的水.Carl.Dreyer.-.1946.-.Vandet.paa.Landet.mkv	/Volumes/导演们/卡尔·西奥多·德莱叶/短片/土地来的水.Carl.Dreyer.-.1946.-.Vandet.paa.Landet.mkv	1	1	0	/Volumes/导演们/卡尔·西奥多·德莱叶/短片/土地来的水/OG.土地来的水.Carl.Dreyer.-.1946.-.Vandet.paa.Landet.mkv
/Volumes/导演们/卡尔·西奥多·德莱叶/短片/抗癌	/Volumes/导演们/卡尔·西奥多·德莱叶/短片/抗癌/抗癌.The.Struggle.Against.Cancer.1947.DVDRip.XviD.mkv	/Volumes/导演们/卡尔·西奥多·德莱叶/短片/抗癌.The.Struggle.Against.Cancer.1947.DVDRip.XviD.mkv	1	3	0	/Volumes/导演们/卡尔·西奥多·德莱叶/短片/抗癌/OG.抗癌.The.Struggle.Against.Cancer.1947.DVDRip.XviD.mkv
/Volumes/导演们/卡尔·西奥多·德莱叶/短片/斯托斯特姆桥	/Volumes/导演们/卡尔·西奥多·德莱叶/短片/斯托斯特姆桥/斯托斯特姆桥.Storstrømsbroen.1950.mkv	/Volumes/导演们/卡尔·西奥多·德莱叶/短片/斯托斯特姆桥.Storstrømsbroen.1950.mkv	1	1	0	/Volumes/导演们/卡尔·西奥多·德莱叶/短片/斯托斯特姆桥/OG.斯托斯特姆桥.Storstrømsbroen.1950.mkv
/Volumes/导演们/卡尔·西奥多·德莱叶/索伦森	/Volumes/导演们/卡尔·西奥多·德莱叶/索伦森/索伦森.Thorvaldsen.1949.Carl.Theodor.Dreyer.mkv	/Volumes/导演们/卡尔·西奥多·德莱叶/索伦森.Thorvaldsen.1949.Carl.Theodor.Dreyer.mkv	1	2	0	/Volumes/导演们/卡尔·西奥多·德莱叶/索伦森/OG.索伦森.Thorvaldsen.1949.Carl.Theodor.Dreyer.mkv
/Volumes/导演们/卡尔·西奥多·德莱叶/词语	/Volumes/导演们/卡尔·西奥多·德莱叶/词语/词语.Ordet.1955.BFI.BDRip.X264.iNT-TLF.mkv	/Volumes/导演们/卡尔·西奥多·德莱叶/词语.Ordet.1955.BFI.BDRip.X264.iNT-TLF.mkv	1	2	0	/Volumes/导演们/卡尔·西奥多·德莱叶/词语/OG.词语.Ordet.1955.BFI.BDRip.X264.iNT-TLF.mkv
/Volumes/导演们/卡尔·西奥多·德莱叶/铁轨	/Volumes/导演们/卡尔·西奥多·德莱叶/铁轨/铁轨.Rotaie-M.Camerini.1929.mkv	/Volumes/导演们/卡尔·西奥多·德莱叶/铁轨.Rotaie-M.Camerini.1929.mkv	1	1	0	/Volumes/导演们/卡尔·西奥多·德莱叶/铁轨/OG.铁轨.Rotaie-M.Camerini.1929.mkv
/Volumes/导演们/卡洛斯·绍拉/一代名画家戈雅在波尔多	/Volumes/导演们/卡洛斯·绍拉/一代名画家戈雅在波尔多/一代名画家戈雅在波尔多.Goya.in.Bordeaux.1999.DVDRip.XviD-Dionysus.mkv	/Volumes/导演们/卡洛斯·绍拉/一代名画家戈雅在波尔多.Goya.in.Bordeaux.1999.DVDRip.XviD-Dionysus.mkv	1	2	0	/Volumes/导演们/卡洛斯·绍拉/一代名画家戈雅在波尔多/OG.一代名画家戈雅在波尔多.Goya.in.Bordeaux.1999.DVDRip.XviD-Dionysus.mkv
/Volumes/导演们/卡洛斯·绍拉/圣力三重奏	/Volumes/导演们/卡洛斯·绍拉/圣力三重奏/圣力三重奏.Stress.es.tres.tres.1968.mkv	/Volumes/导演们/卡洛斯·绍拉/圣力三重奏.Stress.es.tres.tres.1968.mkv	1	2	0	/Volumes/导演们/卡洛斯·绍拉/圣力三重奏/OG.圣力三重奏.Stress.es.tres.tres.1968.mkv
/Volumes/导演们/卡洛斯·绍拉/安娜与狼	/Volumes/导演们/卡洛斯·绍拉/安娜与狼/安娜与狼.Ana.y.los.lobos.1973.mkv	/Volumes/导演们/卡洛斯·绍拉/安娜与狼.Ana.y.los.lobos.1973.mkv	1	2	0	/Volumes/导演们/卡洛斯·绍拉/安娜与狼/OG.安娜与狼.Ana.y.los.lobos.1973.mkv
/Volumes/导演们/卡洛斯·绍拉/布努埃尔与圆桌骑士	/Volumes/导演们/卡洛斯·绍拉/布努埃尔与圆桌骑士/布努埃尔与圆桌骑士.Bunuel.Y.La.Mesa.Del.Rey.Salomon.2001.mkv	/Volumes/导演们/卡洛斯·绍拉/布努埃尔与圆桌骑士.Bunuel.Y.La.Mesa.Del.Rey.Salomon.2001.mkv	1	1	0	/Volumes/导演们/卡洛斯·绍拉/布努埃尔与圆桌骑士/OG.布努埃尔与圆桌骑士.Bunuel.Y.La.Mesa.Del.Rey.Salomon.2001.mkv
/Volumes/导演们/卡洛斯·绍拉/被蒙上的双眼	/Volumes/导演们/卡洛斯·绍拉/被蒙上的双眼/被蒙上的双眼.Los.Ojos.Vendados.Carlos.Saura.1978.Eng.mkv	/Volumes/导演们/卡洛斯·绍拉/被蒙上的双眼.Los.Ojos.Vendados.Carlos.Saura.1978.Eng.mkv	1	1	0	/Volumes/导演们/卡洛斯·绍拉/被蒙上的双眼/OG.被蒙上的双眼.Los.Ojos.Vendados.Carlos.Saura.1978.Eng.mkv
/Volumes/导演们/吉洛·彭泰科沃/阿尔及尔之战	/Volumes/导演们/吉洛·彭泰科沃/阿尔及尔之战/阿尔及尔之战.The.Battle.Of.Algiers.1966.CC.BDRip.X264.iNT-TLF.mkv	/Volumes/导演们/吉洛·彭泰科沃/阿尔及尔之战.The.Battle.Of.Algiers.1966.CC.BDRip.X264.iNT-TLF.mkv	1	1	0	/Volumes/导演们/吉洛·彭泰科沃/阿尔及尔之战/OG.阿尔及尔之战.The.Battle.Of.Algiers.1966.CC.BDRip.X264.iNT-TLF.mkv
/Volumes/导演们/大卫·林奇/我心狂野	/Volumes/导演们/大卫·林奇/我心狂野/我心狂野.Wild.At.Heart.1990.BDRip.X264-TLF.mkv	/Volumes/导演们/大卫·林奇/我心狂野.Wild.At.Heart.1990.BDRip.X264-TLF.mkv	1	1	0	/Volumes/导演们/大卫·林奇/我心狂野/OG.我心狂野.Wild.At.Heart.1990.BDRip.X264-TLF.mkv
/Volumes/导演们/奥利佛·斯通/天生杀人狂	/Volumes/导演们/奥利佛·斯通/天生杀人狂/天生杀人狂.Natural.Born.Killers.1994.UNDC.BDRip.X264-TLF.mkv	/Volumes/导演们/奥利佛·斯通/天生杀人狂.Natural.Born.Killers.1994.UNDC.BDRip.X264-TLF.mkv	1	1	0	/Volumes/导演们/奥利佛·斯通/天生杀人狂/OG.天生杀人狂.Natural.Born.Killers.1994.UNDC.BDRip.X264-TLF.mkv
/Volumes/导演们/威廉·惠勒/危急时刻	/Volumes/导演们/威廉·惠勒/危急时刻/危急时刻.The.Desperate.Hours.1955.DVDRip.mkv	/Volumes/导演们/威廉·惠勒/危急时刻.The.Desperate.Hours.1955.DVDRip.mkv	1	3	0	/Volumes/导演们/威廉·惠勒/危急时刻/OG.危急时刻.The.Desperate.Hours.1955.DVDRip.mkv
/Volumes/导演们/威廉·惠勒/大侦探故事	/Volumes/导演们/威廉·惠勒/大侦探故事/大侦探故事.Detective.Story.1951.mkv	/Volumes/导演们/威廉·惠勒/大侦探故事.Detective.Story.1951.mkv	1	2	0	/Volumes/导演们/威廉·惠勒/大侦探故事/OG.大侦探故事.Detective.Story.1951.mkv
/Volumes/导演们/安东尼·曼/边城喋血记	/Volumes/导演们/安东尼·曼/边城喋血记/边城喋血记.Border.Incident.1949.mkv	/Volumes/导演们/安东尼·曼/边城喋血记.Border.Incident.1949.mkv	1	1	0	/Volumes/导演们/安东尼·曼/边城喋血记/OG.边城喋血记.Border.Incident.1949.mkv
/Volumes/导演们/安东尼奥尼/放大	/Volumes/导演们/安东尼奥尼/放大/放大.Blow-Up.1966.CC.BDRip.X264.iNT-TLF.mkv	/Volumes/导演们/安东尼奥尼/放大.Blow-Up.1966.CC.BDRip.X264.iNT-TLF.mkv	1	2	0	/Volumes/导演们/安东尼奥尼/放大/OG.放大.Blow-Up.1966.CC.BDRip.X264.iNT-TLF.mkv
/Volumes/导演们/安德烈·塔尔科夫斯基/牺牲	/Volumes/导演们/安德烈·塔尔科夫斯基/牺牲/牺牲.The.Sacrifice.1986.REMASTERED.BDRip.X264.iNT-TLF.mkv	/Volumes/导演们/安德烈·塔尔科夫斯基/牺牲.The.Sacrifice.1986.REMASTERED.BDRip.X264.iNT-TLF.mkv	1	3	0	/Volumes/导演们/安德烈·塔尔科夫斯基/牺牲/OG.牺牲.The.Sacrifice.1986.REMASTERED.BDRip.X264.iNT-TLF.mkv
/Volumes/导演们/寺山修司/死者田园祭	/Volumes/导演们/寺山修司/死者田园祭/死者田园祭.田園に死す.1974.Pastoral.To.Die.in.the.Country.Shuji.Terayama.DVDRip-auess.mkv	/Volumes/导演们/寺山修司/死者田园祭.田園に死す.1974.Pastoral.To.Die.in.the.Country.Shuji.Terayama.DVDRip-auess.mkv	1	1	0	/Volumes/导演们/寺山修司/死者田园祭/OG.死者田园祭.田園に死す.1974.Pastoral.To.Die.in.the.Country.Shuji.Terayama.DVDRip-auess.mkv
/Volumes/导演们/巴斯特·基顿/大学	/Volumes/导演们/巴斯特·基顿/大学/大学.Buster.Keaton.College.1927.mkv	/Volumes/导演们/巴斯特·基顿/大学.Buster.Keaton.College.1927.mkv	1	1	0	/Volumes/导演们/巴斯特·基顿/大学/OG.大学.Buster.Keaton.College.1927.mkv
/Volumes/导演们/布莱恩·德·帕尔玛/节选修订	/Volumes/导演们/布莱恩·德·帕尔玛/节选修订/节选修订.Redacted.2007.LIMITED.DVDRip.XviD-SAPHiRE.mkv	/Volumes/导演们/布莱恩·德·帕尔玛/节选修订.Redacted.2007.LIMITED.DVDRip.XviD-SAPHiRE.mkv	1	2	0	/Volumes/导演们/布莱恩·德·帕尔玛/节选修订/OG.节选修订.Redacted.2007.LIMITED.DVDRip.XviD-SAPHiRE.mkv
/Volumes/导演们/布莱恩·德·帕尔玛/铁面无私	/Volumes/导演们/布莱恩·德·帕尔玛/铁面无私/不可触犯.The.Untouchables.1987.BDRip.X264.iNT-TLF(559A734E).mkv	/Volumes/导演们/布莱恩·德·帕尔玛/不可触犯.The.Untouchables.1987.BDRip.X264.iNT-TLF(559A734E).mkv	1	2	0	/Volumes/导演们/布莱恩·德·帕尔玛/铁面无私/OG.不可触犯.The.Untouchables.1987.BDRip.X264.iNT-TLF(559A734E).mkv
/Volumes/导演们/布鲁诺·杜蒙/人之子	/Volumes/导演们/布鲁诺·杜蒙/人之子/人之子.The.Life.Of.Jesus.1997.720p.bluray.x264-usury.mkv	/Volumes/导演们/布鲁诺·杜蒙/人之子.The.Life.Of.Jesus.1997.720p.bluray.x264-usury.mkv	1	1	0	/Volumes/导演们/布鲁诺·杜蒙/人之子/OG.人之子.The.Life.Of.Jesus.1997.720p.bluray.x264-usury.mkv
/Volumes/导演们/布鲁诺·杜蒙/人啊人	/Volumes/导演们/布鲁诺·杜蒙/人啊人/人啊人.l.humanite.1999.720p.bluray.x264-usury.mkv	/Volumes/导演们/布鲁诺·杜蒙/人啊人.l.humanite.1999.720p.bluray.x264-usury.mkv	1	2	0	/Volumes/导演们/布鲁诺·杜蒙/人啊人/OG.人啊人.l.humanite.1999.720p.bluray.x264-usury.mkv
/Volumes/导演们/布鲁诺·杜蒙/哈德维希	/Volumes/导演们/布鲁诺·杜蒙/哈德维希/哈德维希.Hadewijch.2009.720p.BluRay.DD.5.1.x264-EA.mkv	/Volumes/导演们/布鲁诺·杜蒙/哈德维希.Hadewijch.2009.720p.BluRay.DD.5.1.x264-EA.mkv	1	1	0	/Volumes/导演们/布鲁诺·杜蒙/哈德维希/OG.哈德维希.Hadewijch.2009.720p.BluRay.DD.5.1.x264-EA.mkv
/Volumes/导演们/帕索里尼/12月12日	/Volumes/导演们/帕索里尼/12月12日/12月12日.12.Dicembre.Piazza.Fontana.1972.mkv	/Volumes/导演们/帕索里尼/12月12日.12.Dicembre.Piazza.Fontana.1972.mkv	1	2	0	/Volumes/导演们/帕索里尼/12月12日/OG.12月12日.12.Dicembre.Piazza.Fontana.1972.mkv
/Volumes/导演们/帕索里尼/萨那的城墙	/Volumes/导演们/帕索里尼/萨那的城墙/萨那的城墙.Le.Mura.di.Sanaa.1971.P.Pasolini.mkv	/Volumes/导演们/帕索里尼/萨那的城墙.Le.Mura.di.Sanaa.1971.P.Pasolini.mkv	1	2	0	/Volumes/导演们/帕索里尼/萨那的城墙/OG.萨那的城墙.Le.Mura.di.Sanaa.1971.P.Pasolini.mkv
/Volumes/导演们/成濑巳喜男/女人中的陌生人	/Volumes/导演们/成濑巳喜男/女人中的陌生人/女人中的陌生人.The.Stranger.Within.a.Woman.1966.mkv	/Volumes/导演们/成濑巳喜男/女人中的陌生人.The.Stranger.Within.a.Woman.1966.mkv	1	2	0	/Volumes/导演们/成濑巳喜男/女人中的陌生人/OG.女人中的陌生人.The.Stranger.Within.a.Woman.1966.mkv
/Volumes/导演们/成濑巳喜男/愿妻如蔷薇	/Volumes/导演们/成濑巳喜男/愿妻如蔷薇/妻如蔷薇.Wife.Be.Like.a.Rose.1935.mkv	/Volumes/导演们/成濑巳喜男/妻如蔷薇.Wife.Be.Like.a.Rose.1935.mkv	1	1	0	/Volumes/导演们/成濑巳喜男/愿妻如蔷薇/OG.妻如蔷薇.Wife.Be.Like.a.Rose.1935.mkv
/Volumes/导演们/成濑巳喜男/晚菊	/Volumes/导演们/成濑巳喜男/晚菊/晚菊.Bangiku.1954.mkv	/Volumes/导演们/成濑巳喜男/晚菊.Bangiku.1954.mkv	1	2	0	/Volumes/导演们/成濑巳喜男/晚菊/OG.晚菊.Bangiku.1954.mkv
/Volumes/导演们/托尼·理查德森/艺人	/Volumes/导演们/托尼·理查德森/艺人/艺人.The.Entertainer.1960.mkv	/Volumes/导演们/托尼·理查德森/艺人.The.Entertainer.1960.mkv	1	1	0	/Volumes/导演们/托尼·理查德森/艺人/OG.艺人.The.Entertainer.1960.mkv
/Volumes/导演们/托尼·理查德森/苦恋	/Volumes/导演们/托尼·理查德森/苦恋/苦恋.The.Loved.One.1965.mkv	/Volumes/导演们/托尼·理查德森/苦恋.The.Loved.One.1965.mkv	1	1	0	/Volumes/导演们/托尼·理查德森/苦恋/OG.苦恋.The.Loved.One.1965.mkv
/Volumes/导演们/拉杜·裘德/倒霉性爱.发狂黄片	/Volumes/导演们/拉杜·裘德/倒霉性爱.发狂黄片/倒霉性爱.发狂黄片.Bad.Luck.Banging.or.Loony.Porn.2021.BDRip.X264.iNT-TLF.mkv	/Volumes/导演们/拉杜·裘德/倒霉性爱.发狂黄片.Bad.Luck.Banging.or.Loony.Porn.2021.BDRip.X264.iNT-TLF.mkv	1	3	0	/Volumes/导演们/拉杜·裘德/倒霉性爱.发狂黄片/OG.倒霉性爱.发狂黄片.Bad.Luck.Banging.or.Loony.Porn.2021.BDRip.X264.iNT-TLF.mkv
/Volumes/导演们/斯坦利·库布里克/2001太空漫游/2001：创造神话	/Volumes/导演们/斯坦利·库布里克/2001太空漫游/2001：创造神话/The.Making.of.a.Myth.mkv	/Volumes/导演们/斯坦利·库布里克/2001太空漫游/The.Making.of.a.Myth.mkv	1	1	0	/Volumes/导演们/斯坦利·库布里克/2001太空漫游/2001：创造神话/OG.The.Making.of.a.Myth.mkv
/Volumes/导演们/斯坦利·库布里克/2001太空漫游/看见未来的视野：2001的预言	/Volumes/导演们/斯坦利·库布里克/2001太空漫游/看见未来的视野：2001的预言/The.Prophesy.of.2001.mkv	/Volumes/导演们/斯坦利·库布里克/2001太空漫游/The.Prophesy.of.2001.mkv	1	1	0	/Volumes/导演们/斯坦利·库布里克/2001太空漫游/看见未来的视野：2001的预言/OG.The.Prophesy.of.2001.mkv
/Volumes/导演们/斯坦利·库布里克/2001太空漫游/站在库布里克的肩上：2001的馈赠	/Volumes/导演们/斯坦利·库布里克/2001太空漫游/站在库布里克的肩上：2001的馈赠/The.Legacy.of.2001.mkv	/Volumes/导演们/斯坦利·库布里克/2001太空漫游/The.Legacy.of.2001.mkv	1	1	0	/Volumes/导演们/斯坦利·库布里克/2001太空漫游/站在库布里克的肩上：2001的馈赠/OG.The.Legacy.of.2001.mkv
/Volumes/导演们/斯坦利·库布里克/斯坦利·库布里克的视角	/Volumes/导演们/斯坦利·库布里克/斯坦利·库布里克的视角/The.Visions.of.Stanley.Kubrick.mkv	/Volumes/导演们/斯坦利·库布里克/The.Visions.of.Stanley.Kubrick.mkv	1	1	0	/Volumes/导演们/斯坦利·库布里克/斯坦利·库布里克的视角/OG.The.Visions.of.Stanley.Kubrick.mkv
/Volumes/导演们/斯坦利·库布里克/杀手之吻	/Volumes/导演们/斯坦利·库布里克/杀手之吻/杀手之吻.Killer's.Kiss.1955.CC.BDRip.X264.iNT-TLF.mkv	/Volumes/导演们/斯坦利·库布里克/杀手之吻.Killer's.Kiss.1955.CC.BDRip.X264.iNT-TLF.mkv	1	2	0	/Volumes/导演们/斯坦利·库布里克/杀手之吻/OG.杀手之吻.Killer's.Kiss.1955.CC.BDRip.X264.iNT-TLF.mkv
/Volumes/导演们/斯坦利·库布里克/闪灵/遗忘的风景：雕塑“闪灵”	/Volumes/导演们/斯坦利·库布里克/闪灵/遗忘的风景：雕塑“闪灵”/View.From.the.Crafting.-.Into.the.Darkness.mkv	/Volumes/导演们/斯坦利·库布里克/闪灵/View.From.the.Crafting.-.Into.the.Darkness.mkv	1	1	0	/Volumes/导演们/斯坦利·库布里克/闪灵/遗忘的风景：雕塑“闪灵”/OG.View.From.the.Crafting.-.Into.the.Darkness.mkv
/Volumes/导演们/斯特劳布于勒夫妇/弗尔蒂尼和卡尼	/Volumes/导演们/斯特劳布于勒夫妇/弗尔蒂尼和卡尼/弗尔蒂尼和卡尼.Fortini.Cani.1976.mkv	/Volumes/导演们/斯特劳布于勒夫妇/弗尔蒂尼和卡尼.Fortini.Cani.1976.mkv	1	1	0	/Volumes/导演们/斯特劳布于勒夫妇/弗尔蒂尼和卡尼/OG.弗尔蒂尼和卡尼.Fortini.Cani.1976.mkv
/Volumes/导演们/斯蒂芬·乌赫尔/三个女儿	/Volumes/导演们/斯蒂芬·乌赫尔/三个女儿/三个女儿.Tri.dcery.1968.mkv	/Volumes/导演们/斯蒂芬·乌赫尔/三个女儿.Tri.dcery.1968.mkv	1	2	0	/Volumes/导演们/斯蒂芬·乌赫尔/三个女儿/OG.三个女儿.Tri.dcery.1968.mkv
/Volumes/导演们/曼·雷伊/Mystères du château de Dé, Les	/Volumes/导演们/曼·雷伊/Mystères du château de Dé, Les/Les.Mysteres.du.Chateau.du.De.1929.mkv	/Volumes/导演们/曼·雷伊/Les.Mysteres.du.Chateau.du.De.1929.mkv	1	1	0	/Volumes/导演们/曼·雷伊/Mystères du château de Dé, Les/OG.Les.Mysteres.du.Chateau.du.De.1929.mkv
/Volumes/导演们/曼努埃尔·德·奥利维拉/安吉里卡奇遇	/Volumes/导演们/曼努埃尔·德·奥利维拉/安吉里卡奇遇/安吉里卡奇遇.The.Strange.Case.of.Angelica.2010.BDRip.X264.iNT-TLF.mkv	/Volumes/导演们/曼努埃尔·德·奥利维拉/安吉里卡奇遇.The.Strange.Case.of.Angelica.2010.BDRip.X264.iNT-TLF.mkv	1	2	0	/Volumes/导演们/曼努埃尔·德·奥利维拉/安吉里卡奇遇/OG.安吉里卡奇遇.The.Strange.Case.of.Angelica.2010.BDRip.X264.iNT-TLF.mkv
