folder	movie	root_subtitle_count	subdir_move_count	note
/Volumes/导演们/让·雷诺阿/逃兵	/Volumes/导演们/让·雷诺阿/逃兵/逃兵.Le.Caporal.Epingle.1962.mp4	1	0	paired sidecar: 逃兵.sub
/Volumes/导演们/弗朗索瓦·特吕弗/零用钱	/Volumes/导演们/弗朗索瓦·特吕弗/零用钱/零用钱.L.Argent.De.Poche.1976.Fr.Truffaut.mp4	1	0	paired sidecar: 零用钱.L.Argent.De.Poche.(1975.-.Fr.Truffaut).sub
/Volumes/导演们/弗里茨·朗/血红街道	/Volumes/导演们/弗里茨·朗/血红街道/血红街道.Scarlet.Street.1945.mkv	1	0	paired sidecar: 血红街道.Scarlet.Street.1945.chs.sub
/Volumes/导演们/路易·马勒/大西洋城	/Volumes/导演们/路易·马勒/大西洋城/大西洋城.Atlantic.City.1980.Louis.Malle.Spanish.English.DVD-Rip.XviD.avi	1	0	paired sidecar: 大西洋城.Atlantic.City.(Louis.Malle.1980).(Spanish.English).DVD-Rip.XviD.sub
/Volumes/导演们/路易·马勒/鬼火	/Volumes/导演们/路易·马勒/鬼火/鬼火.Louis.Malle-Le.Feu.follet.1963.avi	1	0	paired sidecar: 鬼火.Louis.Malle-Le.Feu.follet.1963.chs.sub
/Volumes/导演们/罗伯托·罗西里尼/罗维雷将军	/Volumes/导演们/罗伯托·罗西里尼/罗维雷将军/罗维雷将军.Il.Generale.Della.Rovere.1959.BD.MiniSD-TLF.mkv	1	0	paired sidecar: 罗维雷将军.Il.Generale.Della.Rovere.1959.BD.MiniSD-TLF.chs.sub
/Volumes/导演们/乔拉·赫兹/魔格亚纳	/Volumes/导演们/乔拉·赫兹/魔格亚纳/魔格亚纳.Morgiana.1972.avi	1	0	paired sidecar: 魔格亚纳.Morgiana.1972.sub
/Volumes/导演们/清水宏/多谢先生	/Volumes/导演们/清水宏/多谢先生/多谢先生.Arigato-san.1936.mkv	1	0	paired sidecar: 多谢先生.Arigato-san.1936.chs.sub
/Volumes/导演们/清水宏/按摩师与女人	/Volumes/导演们/清水宏/按摩师与女人/按摩师与女人.Anma.to.onna.1938.mkv	1	0	paired sidecar: 按摩师与女人.Anma.to.onna.1938.chs.sub
/Volumes/导演们/清水宏/港口的日本姑娘	/Volumes/导演们/清水宏/港口的日本姑娘/港口的日本姑娘.Hiroshi.Shimizu.1933.Minato.No.Nihon.Musume.mkv	1	0	paired sidecar: 港口的日本姑娘.Hiroshi.Shimizu.1933.Minato.No.Nihon.Musume.sub
/Volumes/导演们/清水宏/簪	/Volumes/导演们/清水宏/簪/簪.Ornamental.Hairpin.1941.mkv	1	0	paired sidecar: 簪.Ornamental.Hairpin.1941.sub
/Volumes/导演们/清水宏/风中的子供	/Volumes/导演们/清水宏/风中的子供/风中的子供.Kaze.no.Naka.no.Kodomo.1937.mkv	1	0	paired sidecar: 风中的子供.chs.sub
/Volumes/导演们/罗伯特·布列松/布劳涅森林的女人们	/Volumes/导演们/罗伯特·布列松/布劳涅森林的女人们/布劳涅森林的女人们.Dames.du.Bois.De.Boulogne.1945.mp4	1	0	paired sidecar: 布劳涅森林的女人们.Dames.du.Bois.De.Boulogne.1945.chs.sub
/Volumes/导演们/罗伯特·布列松/通往布列松之路	/Volumes/导演们/罗伯特·布列松/通往布列松之路/通往布列松之路.The.Road.to.Bresson.1984.mkv	1	0	paired sidecar: 通往布列松之路.The.Road.to.Bresson.1984.sub
/Volumes/导演们/玛琳·黛德丽[演员]/Marlene Dietrich Her Own Song玛琳·黛德丽的故事	/Volumes/导演们/玛琳·黛德丽[演员]/Marlene Dietrich Her Own Song玛琳·黛德丽的故事/玛琳黛德丽的故事.Marlene.Dietrich.her.own.song.2001.avi	1	0	paired sidecar: Marlene Dietrich her own song.2001.CD01.sub
/Volumes/导演们/玛琳·黛德丽[演员]/Morocco摩洛哥	/Volumes/导演们/玛琳·黛德丽[演员]/Morocco摩洛哥/摩洛哥.Morocco.1930.DVDRip.Dual.Deu-Eng.(SiRiUs.sHaRe).avi	1	0	paired sidecar: VTS_01_0.sub
/Volumes/导演们/玛琳·黛德丽[演员]/The Garden of Allah阿拉的花园	/Volumes/导演们/玛琳·黛德丽[演员]/The Garden of Allah阿拉的花园/阿拉的花园.The.Garden.of.Allah.1936.Marlene.Dietricht.(.Eng-Span).avi	1	0	
/Volumes/导演们/琪拉·穆拉托娃/狂热	/Volumes/导演们/琪拉·穆拉托娃/狂热/Uvlecheniya_[torrents.ru].avi	0	2	
/Volumes/导演们/琪拉·穆拉托娃/调音师/调音师1	/Volumes/导演们/琪拉·穆拉托娃/调音师/调音师1/Nastroyshchik (2004) CD 1.avi	2	0	
/Volumes/导演们/琪拉·穆拉托娃/调音师/调音师2	/Volumes/导演们/琪拉·穆拉托娃/调音师/调音师2/Nastroyshchik (2004) CD 2.avi	2	0	
/Volumes/导演们/让·吕克.戈达尔/当戈达尔遇到伍迪艾伦	/Volumes/导演们/让·吕克.戈达尔/当戈达尔遇到伍迪艾伦/当戈达尔遇到伍迪艾伦.Meeting.Woody.Allen.1986.mkv	1	0	
/Volumes/导演们/阿基·考里斯马基/王子复仇新记	/Volumes/导演们/阿基·考里斯马基/王子复仇新记/王子复仇新记.Aki.Kaurismaki.1987.-.Hamlet.Goes.Business.VOSE.mp4	1	0	paired sidecar: 王子复仇新记.Aki.Kaurismaki.1987.-.Hamlet.Goes.Business.VOSE.chs.sub
/Volumes/导演们/阿莫多瓦/斗牛士	/Volumes/导演们/阿莫多瓦/斗牛士/斗牛士.Matador.1986.EngSubs.mkv	1	0	paired sidecar: Matador.1986.iNTERNAL.DVDRip.XviD-tOlaNd.sub
/Volumes/导演们/阿莫多瓦/活色生香	/Volumes/导演们/阿莫多瓦/活色生香/活色生香.Live.Flesh.1997.DVDRip.XviD.iNT-YYddr.mp4	1	0	paired sidecar: 活色生香.Live.Flesh.1997.DVDRip.XviD.iNT-YYddr.sub
/Volumes/导演们/阿莫多瓦/激情迷宫	/Volumes/导演们/阿莫多瓦/激情迷宫/激情迷宫.labyrinth.of.passion.1982.dvdrip.xvid-imbt.mp4	1	0	paired sidecar: 激情迷宫.labyrinth.of.passion.1982.dvdrip.xvid-imbt.sub
/Volumes/导演们/阿涅斯·瓦尔达/小心太阳眼镜/关于《小心太阳眼镜》[英字]	/Volumes/导演们/阿涅斯·瓦尔达/小心太阳眼镜/关于《小心太阳眼镜》[英字]/关于《小心太阳眼镜》.mkv	1	0	paired sidecar: VTS_01_0.sub
/Volumes/导演们/达内兄弟/他人之子	/Volumes/导演们/达内兄弟/他人之子/另一个儿子.Le.Fils.de.l.autre.2012.The.Other.Son.BDRip.X264.iNT-TLF.mkv	3	0	
/Volumes/导演们/莱妮·里芬斯塔尔/奥林匹亚1：民族的节日	/Volumes/导演们/莱妮·里芬斯塔尔/奥林匹亚1：民族的节日/奥林匹亚1：民族的节日.Olympia.I.1938.mp4	1	0	paired sidecar: 奥林匹亚1：民族的节日.Olympia.I.1938.sub
/Volumes/导演们/路易斯·布努埃/无粮之土	/Volumes/导演们/路易斯·布努埃/无粮之土/无粮之土.Las.Hurdes.1933.DVDRip.XviD.mkv	1	0	paired sidecar: 无粮之土.Las.Hurdes.DVDRip.XviD.chs.sub
/Volumes/导演们/路易斯·布努埃/沙漠中的西蒙	/Volumes/导演们/路易斯·布努埃/沙漠中的西蒙/沙漠中的西蒙.1965.Simon.del.Desierto.mkv	1	0	paired sidecar: 沙漠中的西蒙.1965.Simon.del.Desierto.chs.sub
/Volumes/导演们/路易斯·布努埃尔/墨西哥巴士奇遇	/Volumes/导演们/路易斯·布努埃尔/墨西哥巴士奇遇/墨西哥巴士奇遇.Subida.al.cielo.1952.mp4	1	0	paired sidecar: 墨西哥巴士奇遇.Subida.al.cielo.1952.chs.sub
/Volumes/导演们/路易斯·布努埃尔/奇异的激情	/Volumes/导演们/路易斯·布努埃尔/奇异的激情/奇异的激情.El.1952.DVDRip.XviD-QiX.mp4	1	0	paired sidecar: 奇异的激情.El.1952.DVDRip.XviD-QiX.chs.sub
/Volumes/导演们/路易斯·布努埃尔/帕欧的火山	/Volumes/导演们/路易斯·布努埃尔/帕欧的火山/帕欧的火山.La.Fievre.Monte.a.El.Pao.1959.mp4	1	0	paired sidecar: 帕欧的火山.La.Fièvre.Monte.à.El.Pao.chs.sub
/Volumes/导演们/路易斯·布努埃尔/没有爱的女人	/Volumes/导演们/路易斯·布努埃尔/没有爱的女人/没有爱的女人.Una.Mujer.sin.amor.1952.avi	1	0	paired sidecar: Una.Mujer.sin.amor.没有爱的女人.chs.sub
/Volumes/导演们/路易斯·布努埃尔/泯灭天使	/Volumes/导演们/路易斯·布努埃尔/泯灭天使/泯灭天使.El.angel.exterminador.1962.mp4	1	0	paired sidecar: 泯灭天使(西)1962.sub
/Volumes/导演们/路易斯·布努埃尔/纳萨林	/Volumes/导演们/路易斯·布努埃尔/纳萨林/纳萨林.Nazarin.1958.mp4	1	0	paired sidecar: 纳萨林.Nazarin.1958.chs.sub
/Volumes/导演们/路易斯·布努埃尔/这就叫黎明	/Volumes/导演们/路易斯·布努埃尔/这就叫黎明/这就叫黎明.Cela.s'appelle.l'aurore.1956.avi	1	0	paired sidecar: 这就叫黎明.Cela.s'appelle.l'aurore.1956.chs.sub
/Volumes/导演们/路易斯·布努埃尔/银河	/Volumes/导演们/路易斯·布努埃尔/银河/银河.Luis.Bunuel.-.le.Voie.Lactee.1969.mkv	1	0	paired sidecar: 银河.Luis.Bunuel.-.le.Voie.Lactee.1969.chs.sub
/Volumes/导演们/罗伯特·奥尔特曼/像我们一样的强盗	/Volumes/导演们/罗伯特·奥尔特曼/像我们一样的强盗/像我们一样的强盗.Theives.Like.Us.1974.mkv	1	0	paired sidecar: 像我们一样的强盗.Theives.Like.Us.1974.chs.sub
/Volumes/导演们/罗伯特·奥尔特曼/秘密的荣耀	/Volumes/导演们/罗伯特·奥尔特曼/秘密的荣耀/秘密的荣耀.Secret.Honor.1984.mkv	1	0	paired sidecar: 秘密的荣耀.Secret.Honor.1984.chs.sub
/Volumes/导演们/马克斯·奥菲尔斯/伯爵夫人的耳环	/Volumes/导演们/马克斯·奥菲尔斯/伯爵夫人的耳环/伯爵夫人的耳环.Madame.de.1953.DVDrip.XviD.AC3.iNT-alaundo.avi	1	0	paired sidecar: 伯爵夫人的耳环.Madame.de.1953.DVDrip.XviD.AC3.iNT-alaundo.chs.sub
/Volumes/导演们/米洛斯·福尔曼/消防员舞会	/Volumes/导演们/米洛斯·福尔曼/消防员舞会/消防员舞会.The.Firemens.Ball.1967.mp4	0	2	
/Volumes/导演们/米洛斯·福尔曼/爵士年代	/Volumes/导演们/米洛斯·福尔曼/爵士年代/爵士年代.Ragtime.1981.mkv	1	0	paired sidecar: 爵士年代.Ragtime.chs.sub
/Volumes/导演们/约翰·福特/荒漠义侠[字幕需调整]	/Volumes/导演们/约翰·福特/荒漠义侠[字幕需调整]/荒漠义侠.3.Godfathers.1948.字幕需调整.mkv	1	0	paired sidecar: 3.Godfathers.sub
/Volumes/导演们/约翰·福特/麦凯警长	/Volumes/导演们/约翰·福特/麦凯警长/麦凯警长.Two.Rode.Together.1961.DVDRip.XviD.avi	2	0	
/Volumes/导演们/约翰·卡萨维茨/买起唐人经纪	/Volumes/导演们/约翰·卡萨维茨/买起唐人经纪/买起唐人经纪.The.Killing.of.a.Chinese.Bookie.-.John.Cassavetes.1976.mkv	1	0	paired sidecar: 买起唐人经纪.The.Killing.of.a.Chinese.Bookie.-.John.Cassavetes.1976.chs.sub
/Volumes/导演们/约翰·卡萨维茨/天下父母心	/Volumes/导演们/约翰·卡萨维茨/天下父母心/天下父母心A.Child.Is.Waiting.1963.mkv	1	0	paired sidecar: 天下父母心A.Child.Is.Waiting.1963.sub
/Volumes/导演们/约翰·卡萨维茨/夫君	/Volumes/导演们/约翰·卡萨维茨/夫君/夫君.Husbands.1970.mkv	1	0	paired sidecar: 夫君.Husbands.1970.sub
/Volumes/导演们/约翰·卡萨维茨/影子	/Volumes/导演们/约翰·卡萨维茨/影子/影子.Shadows.1959.John.Cassavetes.mkv	1	0	paired sidecar: 影子.John.Cassavetes.Shadows.chs.sub
/Volumes/导演们/约翰·卡萨维茨/面孔	/Volumes/导演们/约翰·卡萨维茨/面孔/面孔.Faces.1968.John.Cassavetes.mkv	1	0	paired sidecar: John.Cassavetes.Faces.chs.sub
/Volumes/导演们/河濑直美/萌之朱雀	/Volumes/导演们/河濑直美/萌之朱雀/萌之朱雀.Naomi.Kawase-Moe.no.suzaku.1997.mkv	1	0	paired sidecar: 朱雀之萌.sub
/Volumes/导演们/罗曼·波兰斯基/怪房客	/Volumes/导演们/罗曼·波兰斯基/怪房客/房客.The.Tenant.(Roman.Polanski).1976.DVDRIP.XviD.mkv	1	0	paired sidecar: 房客.The.Tenant.(Roman.Polanski).1976.DVDRIP.XviD.chs.sub
/Volumes/导演们/盖伊·马丁/世界上最悲伤的音乐	/Volumes/导演们/盖伊·马丁/世界上最悲伤的音乐/世界上最悲伤的音乐.the.Saddest.Music.in.the.World.2003.SMz.mp4	1	0	paired sidecar: 世界上最悲伤的音乐.the.Saddest.Music.in.the.World.2003.SMz.sub
/Volumes/导演们/盖伊·马丁/我的温尼伯湖	/Volumes/导演们/盖伊·马丁/我的温尼伯湖/我的温尼伯湖.My.Winnipeg.2007.DVDRiP.XViD-DOCUMENT.mp4	1	0	paired sidecar: 我的温尼伯湖.My.Winnipeg.2007.DVDRiP.XViD-DOCUMENT.sub
/Volumes/导演们/盖伊·马丁/钥匙孔	/Volumes/导演们/盖伊·马丁/钥匙孔/钥匙孔.keyhole.2011.limited.bdrip.xvid-psychd.avi	0	2	
/Volumes/导演们/杰兹·斯科利莫夫斯基/栅栏	/Volumes/导演们/杰兹·斯科利莫夫斯基/栅栏/栅栏.Bariera.1966.mkv	1	0	
/Volumes/导演们/深作欣二/仁义的墓场	/Volumes/导演们/深作欣二/仁义的墓场/仁义的墓场.Graveyard.of.Honor.1975.mp4	1	0	paired sidecar: 仁义的墓场.chs.sub
/Volumes/导演们/深作欣二/无仁义之战	/Volumes/导演们/深作欣二/无仁义之战/无仁义之战.Battles.Without.Honor.and.Humanity.1973.mp4	1	0	paired sidecar: 无仁义之战.chs.sub
/Volumes/导演们/施隆多夫/玻璃玫瑰	/Volumes/导演们/施隆多夫/玻璃玫瑰/玻璃玫瑰.Homo.Faber.1991.Voyager.mp4	1	0	paired sidecar: Voyager.1991.DVDRip.XviD-FRAGMENT.sub
/Volumes/导演们/施隆多夫/青年特尔勒斯	/Volumes/导演们/施隆多夫/青年特尔勒斯/青年特尔勒斯.Young.Torless.1966.mp4	1	0	paired sidecar: 青年特尔勒斯.1966.sub
/Volumes/导演们/斯蒂芬·乌赫尔/网中的太阳	/Volumes/导演们/斯蒂芬·乌赫尔/网中的太阳/网中的太阳.Slnko.v.sieti.1962.avi	1	0	
/Volumes/导演们/斯特劳布于勒夫妇/索福克勒斯的安提戈涅	/Volumes/导演们/斯特劳布于勒夫妇/索福克勒斯的安提戈涅/索福克勒斯的安提戈涅.Antigone.1992.Jean-Marie.Straub.Daniele.Huillet.Dvdrip.mkv	1	0	
/Volumes/导演们/维拉·希蒂洛娃/(1970)天堂禁果 Ovoce stromu rajských jíme	/Volumes/导演们/维拉·希蒂洛娃/(1970)天堂禁果 Ovoce stromu rajských jíme/天堂禁果.Ovoce.stromu.rajskych.jime.1970.Fruit.of.paradise.avi	4	0	
/Volumes/导演们/维拉·希蒂洛娃/(1979)预制板的故事 Panelstory aneb Jak se rodí sídliste	/Volumes/导演们/维拉·希蒂洛娃/(1979)预制板的故事 Panelstory aneb Jak se rodí sídliste/预制板的故事.Panelstory-aneb-Jak-se-rodí-sídliště-.1979.-czdub.avi	1	0	
/Volumes/导演们/阿贝尔·冈斯/[决战奥斯特里兹].Austerlitz	/Volumes/导演们/阿贝尔·冈斯/[决战奥斯特里兹].Austerlitz/决战奥斯特里兹.AUSTERLITZ.1960.DVDrip.by.Galmuchet.avi	0	2	
/Volumes/导演们/阿贝尔·冈斯/拿破仑	/Volumes/导演们/阿贝尔·冈斯/拿破仑/拿破仑.Napoleon.1927.Abel.Gance.Coppola.avi	2	0	
/Volumes/导演们/贝拉·塔尔/麦克白	/Volumes/导演们/贝拉·塔尔/麦克白/麦克白.Macbeth.1982.II.orig.mkv	1	0	paired sidecar: Macbeth (1982_II).orig.sub
/Volumes/导演们/贝特朗·布里叶/不伦之恋	/Volumes/导演们/贝特朗·布里叶/不伦之恋/不伦之恋.Beau-pere.1981.DVDRip.DivX.Fr.mp4	1	0	paired sidecar: 不伦之恋.Beau-pere.1981.DVDRip.DivX.Fr.sub
/Volumes/导演们/贝特朗·布里叶/感谢你生活	/Volumes/导演们/贝特朗·布里叶/感谢你生活/感谢你生活.Merci.la.vie.1991.Bertrand.Blier.DVD.XviD.FR.mp4	1	0	paired sidecar: 感谢你生活.Merci.la.vie.1991.Bertrand.Blier.DVD.XviD.FR.sub
/Volumes/导演们/贝特朗·布里叶/我们的故事	/Volumes/导演们/贝特朗·布里叶/我们的故事/我们的故事.Notre.histoire.1984.DVD.XviD.FR.mp4	1	0	paired sidecar: 我们的故事.Notre.histoire.1984.DVD.XviD.FR.sub
/Volumes/导演们/达米彦·奥图/深呼吸	/Volumes/导演们/达米彦·奥图/深呼吸/深呼吸.Le.souffle.2001.mkv	1	0	paired sidecar: 深呼吸.Le.souffle.2001.chs.sub
/Volumes/导演们/法兰提塞·维拉席/阿德尔海	/Volumes/导演们/法兰提塞·维拉席/阿德尔海/阿德尔海.Adelheid.1970.avi	1	0	paired sidecar: 阿德尔海.Adelheid.1970.sub
/Volumes/导演们/费尔南多·索拉纳斯/南方	/Volumes/导演们/费尔南多·索拉纳斯/南方/南方.Sur.Fernando.E.Solanas.1988.avi	1	0	paired sidecar: 南方.Sur.Fernando_E._Solanas.1988.sub
/Volumes/导演们/费尔南多·索拉纳斯/探戈,加德尔的放逐	/Volumes/导演们/费尔南多·索拉纳斯/探戈,加德尔的放逐/探戈.加德尔的放逐.Tangos.el.exilio.de.Gardel.1985.avi	1	0	
/Volumes/导演们/霍华德·霍克斯/约克军曹	/Volumes/导演们/霍华德·霍克斯/约克军曹/约克军曹.Sergeant.York.1941.DVDRip.X264.AAC-jeffWen.mkv	1	0	paired sidecar: 约克军曹.Sergeant.York.1941.DVDRip.X264.AAC-jeffWen.eng.sub
/Volumes/导演们/霍华德·霍克斯/绅士爱美人	/Volumes/导演们/霍华德·霍克斯/绅士爱美人/绅士爱美人.Gentlemen.prefer.blondes.1953.DVDRip.Xvid-SOUTHSiDE.mp4	1	0	paired sidecar: 绅士爱美人.Gentlemen.prefer.blondes.1953.DVDRip.Xvid-SOUTHSiDE.sub
/Volumes/导演们/莫尼切利/大战争	/Volumes/导演们/莫尼切利/大战争/大战争.La.grande.guerra.1959.cn.avi	3	0	
/Volumes/导演们/谢盖尔·帕拉杰诺夫/苏拉姆城堡的传说	/Volumes/导演们/谢盖尔·帕拉杰诺夫/苏拉姆城堡的传说/苏拉姆城堡的传说.Suram.Fortress.1984.Paradjanov.avi	1	0	paired sidecar: Suram.Fortress.1984.Paradjanov.sub
/Volumes/导演们/阿莱克斯·德拉·伊格来希亚/闪灵双煞	/Volumes/导演们/阿莱克斯·德拉·伊格来希亚/闪灵双煞/闪灵双煞.Perdita.Durango.1997.iNTERNAL.DVDRiP.x264-tehPARADOX.mkv	1	0	paired sidecar: Perdita.Durango.1997.iNTERNAL.DVDRiP.x264-tehPARADOX.sub
/Volumes/导演们/阿兰·卡瓦利埃/狂乱	/Volumes/导演们/阿兰·卡瓦利埃/狂乱/狂乱.La.Chamade.1968.mkv	1	0	
/Volumes/导演们/阿历克塞·巴拉巴诺夫/兄弟	/Volumes/导演们/阿历克塞·巴拉巴诺夫/兄弟/兄弟.Brat.1997.Rus.mkv	1	0	paired sidecar: Brat.(Rus).sub
/Volumes/导演们/阿历克塞·巴拉巴诺夫/锅炉工	/Volumes/导演们/阿历克塞·巴拉巴诺夫/锅炉工/锅炉工.Kochegar.2010.XviD.DVDRip.mkv	4	0	
/Volumes/导演们/埃利达尔·梁赞诺夫/意大利人在俄罗斯的奇遇	/Volumes/导演们/埃利达尔·梁赞诺夫/意大利人在俄罗斯的奇遇/意大利人在俄罗斯的奇遇.Unbelievable.Adventures.of.Italians.In.Russia.1974.ACT.location.cn.mkv	1	0	paired sidecar: Act Unbelievable Adventures Of Italians In Russia Location Cn.sub
/Volumes/导演们/刘别谦/有声片/天堂陷阱	/Volumes/导演们/刘别谦/有声片/天堂陷阱/天堂陷阱.Trouble.in.Paradise.1932.mkv	1	0	paired sidecar: Trouble.in.Paradise.sub
/Volumes/导演们/刘别谦/有声片/街角的商店	/Volumes/导演们/刘别谦/有声片/街角的商店/街角的商店.The.Shop.Around.The.Corner.1940.mkv	1	0	
/Volumes/导演们/帕索里尼/定理	/Volumes/导演们/帕索里尼/定理/定理.Teorema.1968.Pier.Paolo.Pasolini.DVDRip.XviD-KiNESiS.mkv	1	0	paired sidecar: 定理.Teorema.1968.Pier.Paolo.Pasolini.DVDRip.XviD-KiNESiS.chs.sub
/Volumes/导演们/佩德罗·科斯塔/血	/Volumes/导演们/佩德罗·科斯塔/血/血.The.Blood.1989.PROPER.DVDRip.XviD-WRD.mp4	1	0	paired sidecar: 血.The.Blood.1989.PROPER.DVDRip.XviD-WRD.sub
/Volumes/导演们/是枝裕和/下一站，天国	/Volumes/导演们/是枝裕和/下一站，天国/下一站，天国.Wandafuru.Raifu.1998.(After.Life).-.Hirokazu.Koreeda.subbed.mp4	1	0	paired sidecar: 下一站，天国.Wandafuru.Raifu.1998.(After.Life).-.Hirokazu.Koreeda.subbed.sub
/Volumes/导演们/朱拉·亚库比斯克/(1980)家屋的梦想 Postav dom, zasad strom	/Volumes/导演们/朱拉·亚库比斯克/(1980)家屋的梦想 Postav dom, zasad strom/家屋的梦想.Postav.dom.zasad.strom.1980.SCN.Title1.DVDRip.avi	2	0	
/Volumes/导演们/朱拉·亚库比斯克/(1989)潇洒上枝头	/Volumes/导演们/朱拉·亚库比斯克/(1989)潇洒上枝头/潇洒上枝头.Sedim.na.konari.a.je.mi.dobre.1989.avi	1	0	paired sidecar: Sedim na konari a je mi dobre.sub
/Volumes/导演们/安德烈·塔尔科夫斯基/塔尔科夫斯基《岛》	/Volumes/导演们/安德烈·塔尔科夫斯基/塔尔科夫斯基《岛》/岛.Andrei.Tarkovsky.Sergei.Parajanov.-.Islands.chs.mp4	2	0	
/Volumes/导演们/奥德里奇·利普斯基/雷蒙纳多·乔	/Volumes/导演们/奥德里奇·利普斯基/雷蒙纳多·乔/雷蒙纳多·乔.Limonadovy.Joe.aneb.Konska.opera.1964.Lemonade.Joe.mp4	1	0	paired sidecar: Limonadovy.Joe.aneb.Konska.opera.Lemonade.Joe.sub
/Volumes/导演们/今村昌平/西银座驿前	/Volumes/导演们/今村昌平/西银座驿前/西银座驿前.Nishi.Ginza.Station.1958.mp4	1	0	paired sidecar: 西银座驿前.Nishi.Ginza.Station.1958.sub
/Volumes/导演们/今村昌平/赤色杀机	/Volumes/导演们/今村昌平/赤色杀机/Akai Satsui (1964) Intentions Of Murder.avi	1	0	paired sidecar: VTS_03_0.sub
/Volumes/导演们/林赛·安德森/假如	/Volumes/导演们/林赛·安德森/假如/假如.If.1968.DVDRip.XviD-FRAGMENT.mp4	1	0	paired sidecar: 假如.If....1968.DVDRip.XviD-FRAGMENT.sub
/Volumes/导演们/林赛·安德森/如此运动生涯	/Volumes/导演们/林赛·安德森/如此运动生涯/如此运动生涯.This.Sporting.Life.1963.512.24fps.630kbs.96abr.WunSeeDee.mp4	1	0	paired sidecar: 如此运动生涯.This.Sporting.Life.1963.512.24fps.630kbs.96abr.WunSeeDee.sub
/Volumes/导演们/斯坦利·库布里克/幸运的马尔科姆	/Volumes/导演们/斯坦利·库布里克/幸运的马尔科姆/Lucky.Malcolm.mkv	1	0	paired sidecar: Lucky Malcolm.sub
/Volumes/导演们/斯坦利·库布里克/全金属外壳/全金属外壳：善与恶之间	/Volumes/导演们/斯坦利·库布里克/全金属外壳/全金属外壳：善与恶之间/Between.Good.and.Evil.mkv	1	0	paired sidecar: Between Good and Evil.sub
/Volumes/导演们/斯坦利·库布里克/闪灵/《制作闪灵》---薇薇安·库布里克同步拍摄的《闪灵》纪录片	/Volumes/导演们/斯坦利·库布里克/闪灵/《制作闪灵》---薇薇安·库布里克同步拍摄的《闪灵》纪录片/闪灵.The.Shining.1980.REMASTERED.UE.Wi.mkv	1	0	
/Volumes/导演们/斯坦利·库布里克/发条橙/制造“发条橙”大杂烩！	/Volumes/导演们/斯坦利·库布里克/发条橙/制造“发条橙”大杂烩！/Making.A.Clockwork.Orange.mkv	1	0	paired sidecar: Making A Clockwork Orange.sub
/Volumes/导演们/斯坦利·库布里克/发条橙/发条橙的回归	/Volumes/导演们/斯坦利·库布里克/发条橙/发条橙的回归/The.Return.of.A.Clockwork.Orange.mkv	1	0	paired sidecar: The Return of A Clockwork Orange.sub
/Volumes/导演们/熊切和嘉/揮発性の女	/Volumes/导演们/熊切和嘉/揮発性の女/揮発性女.Volatile.Woman.2004.DVDRip.XviD-LiiO.mkv	1	0	paired sidecar: 揮発性女.Volatile.Woman.2004.DVDRip.XviD-LiiO.sub
/Volumes/导演们/亚历山大·索科洛夫/卑微的人生	/Volumes/导演们/亚历山大·索科洛夫/卑微的人生/卑微的人生.A.Humble.Life.1997.avi	1	0	paired sidecar: a humble life.sub
/Volumes/导演们/沟口建二/新平家物语	/Volumes/导演们/沟口建二/新平家物语/新平家物语.Shin.heike.monogatari.1955.DVDRip.XviD.Jap.mp4	1	0	paired sidecar: 新平家物语.Shin.heike.monogatari.1955.DVDRip.XviD.Jap.chs.sub
/Volumes/导演们/沟口建二/歌麿和他的五个女人	/Volumes/导演们/沟口建二/歌麿和他的五个女人/歌麿和他的五个女人.Utamaro.o.meguru.gonin.no.onna.1946.mkv	2	0	paired sidecar: 歌麿和他的五个女人.chs.sub; paired sidecar: 歌麿和他的五个女人.sub
/Volumes/导演们/沟口建二/阿游小姐	/Volumes/导演们/沟口建二/阿游小姐/阿游小姐.Oyu-sama.1951.mkv	1	0	paired sidecar: 阿游小姐.chs.sub
/Volumes/导演们/卡尔·卡切纳/监听	/Volumes/导演们/卡尔·卡切纳/监听/监听.Ucho.1970.mkv	1	0	paired sidecar: wrd-theear.sub
/Volumes/导演们/卡尔·西奥多·德莱叶/房屋的主人	/Volumes/导演们/卡尔·西奥多·德莱叶/房屋的主人/房屋的主人.Master.Of.The.House.1925.DVDRip.XviD-MOC.mp4	0	2	
/Volumes/导演们/卡尔·西奥多·德莱叶/麦克尔	/Volumes/导演们/卡尔·西奥多·德莱叶/麦克尔/麦克尔.Michael.(Chained).1924.Carl.Theodor.Dreyer.mp4	1	0	paired sidecar: 麦克尔.Michael.(Chained).1924.Carl.Theodor.Dreyer.sub
/Volumes/导演们/卡尔·西奥多·德莱叶/短片/好妈妈	/Volumes/导演们/卡尔·西奥多·德莱叶/短片/好妈妈/好妈妈.Good.Mothers.1942.DVDRip.mkv	1	0	paired sidecar: 好妈妈.Good.Mothers.1942.DVDRip.sub
/Volumes/导演们/三池崇史/极道黑社会	/Volumes/导演们/三池崇史/极道黑社会/极道黑社会.Rainy.Dog.1997.DVDrip.XviD-H2O.mkv	1	0	paired sidecar: [极道黑社会].Rainy.Dog.1997.DVDrip.XviD-H2O.sub
/Volumes/导演们/三池崇史/生存还是毁灭	/Volumes/导演们/三池崇史/生存还是毁灭/生存还是毁灭.Dead.or.Alive.1.Hanzaisha.1999.DVDRip.XviD-NM.mp4	1	0	paired sidecar: 生存还是毁灭.Dead.or.Alive.1.Hanzaisha.1999.DVDRip.XviD-NM.sub
/Volumes/导演们/安东尼奥尼/扎布里斯基角	/Volumes/导演们/安东尼奥尼/扎布里斯基角/扎布里斯基角.Zabriskie.Point.1970.dvdrip.mp4	1	0	paired sidecar: [扎布里斯基角].Zabriskie.Point.1970.dvdrip.sub
/Volumes/导演们/普雷斯顿·斯塔奇斯/淑女伊芙	/Volumes/导演们/普雷斯顿·斯塔奇斯/淑女伊芙/淑女伊芙.The.Lady.Eve.1941.DVDRip.Divx.5.11.MP3-Wolfman.mkv	1	0	paired sidecar: The.Lady.Eve.1941.DVDRip.Divx.5.11.MP3-Wolfman.sub
/Volumes/导演们/亚历桑德罗·佐杜洛夫斯基/鼹鼠	/Volumes/导演们/亚历桑德罗·佐杜洛夫斯基/鼹鼠/El Topo.avi	9	0	
/Volumes/导演们/原一男/前进，神军！	/Volumes/导演们/原一男/前进，神军！/前进.神军.ゆきゆきて.神軍.1987.mkv	1	0	paired sidecar: 祭軍魂.sub
/Volumes/导演们/奥塔·埃索里亚尼/我不想回家	/Volumes/导演们/奥塔·埃索里亚尼/我不想回家/我不想回家.Otar.Iosseliani.-.Adieu.Plancher.des.Vaches.(In.vino.vertas).1999.arbitr.avi	1	0	paired sidecar: 我不想回家.Otar.Iosseliani.-.Adieu.Plancher.des.Vaches.(In.vino.vertas).1999.arbitr.sub
/Volumes/导演们/奥塔·埃索里亚尼/托斯卡的小修道院	/Volumes/导演们/奥塔·埃索里亚尼/托斯卡的小修道院/托斯卡纳的小修道院.Un.petit.monastere.en.Toscane.1988.mp4	1	0	paired sidecar: 托斯卡的小修道院.sub
/Volumes/导演们/奥塔·埃索里亚尼/秋天的花园	/Volumes/导演们/奥塔·埃索里亚尼/秋天的花园/秋天的花园.Jardins.en.automne.2006.avi	1	0	paired sidecar: Jardins.en.automne.sub
/Volumes/导演们/奥塔·埃索里亚尼/落叶	/Volumes/导演们/奥塔·埃索里亚尼/落叶/落叶.Otar.Iosseliani-Giorgobistve.(.Falling.Leaves.).1966.mp4	1	0	paired sidecar: 落叶.Otar.Iosseliani-Giorgobistve.(.Falling.Leaves.).1966.sub
/Volumes/导演们/奥塔·埃索里亚尼/追逐蝴蝶	/Volumes/导演们/奥塔·埃索里亚尼/追逐蝴蝶/1992.追逐蝴蝶.Otar.Iosseliani.-.1992.-.La.Chasse.aux.papillons.mp4	1	0	paired sidecar: 1992.追逐蝴蝶.Otar.Iosseliani.-.1992.-.La.Chasse.aux.papillons.sub
/Volumes/导演们/彼得·格林纳威/挨个儿淹死	/Volumes/导演们/彼得·格林纳威/挨个儿淹死/淹死老公.Drowning.by.Numbers.1988.avi	1	0	paired sidecar: 淹死老公.chs.sub
/Volumes/导演们/彼得·格林纳威/画师的合同	/Volumes/导演们/彼得·格林纳威/画师的合同/画师的合同.The.Draughtsmans.Contract.1982.Eng.DVDRip.avi	1	0	paired sidecar: 画师的合同.The_Draughtsman_s_Contract_[Eng]_[DVDRip].sub
/Volumes/导演们/布莱恩·德·帕尔玛/危情羔羊	/Volumes/导演们/布莱恩·德·帕尔玛/危情羔羊/危情羔羊.Raising.Cain.1992.DVDRiP.XviD-Grand.mkv	1	0	
/Volumes/导演们/布莱恩·德·帕尔玛/愤怒	/Volumes/导演们/布莱恩·德·帕尔玛/愤怒/魔血.The.Fury.1978.DVDRip.XviD-Smokey888.tehPARADOX.com.avi	1	0	
/Volumes/导演们/布莱恩·德·帕尔玛/黑街福星	/Volumes/导演们/布莱恩·德·帕尔玛/黑街福星/黑街福星.Wise.Guys.1986.DVDRip.XviD-SAPHiRE.mkv	1	0	paired sidecar: 黑街福星.Wise.Guys.1986.DVDRip.XviD-SAPHiRE.chs.sub
/Volumes/导演们/成濑巳喜男/不是血親	/Volumes/导演们/成濑巳喜男/不是血親/不是血親.No.Blood.Relation.1932.DVDRip.XviD-WRD.mkv	1	0	paired sidecar: No.Blood.Relation.1932.DVDRip.XviD-WRD.sub
/Volumes/导演们/成濑巳喜男/夜夜作梦	/Volumes/导演们/成濑巳喜男/夜夜作梦/夜夜作梦.Every.Night.Dreams.1933.DVDRip.XviD-WRD.mkv	1	0	paired sidecar: Every.Night.Dreams.1933.DVDRip.XviD-WRD.sub
/Volumes/导演们/成濑巳喜男/小人物，加油吧	/Volumes/导演们/成濑巳喜男/小人物，加油吧/小人物.加油吧！.Flunky.Work.Hard.1931.DVDRip.XviD-WRD.mkv	1	0	paired sidecar: Flunky.Work.Hard.1931.DVDRip.XviD-WRD.sub
/Volumes/导演们/成濑巳喜男/幸福生活	/Volumes/导演们/成濑巳喜男/幸福生活/幸福生活.Tanoshiki.kana.jinsei.This.Happy.Life.1944.Mikio.Naruse.mkv	2	0	
/Volumes/导演们/成濑巳喜男/没有尽头的街	/Volumes/导演们/成濑巳喜男/没有尽头的街/没有尽头的街.Street.Without.End.1934.DVDRip.XviD-WRD.mkv	1	0	paired sidecar: Street.Without.End.1934.DVDRip.XviD-WRD.sub
/Volumes/导演们/大卫·柯南伯格/灵婴	/Volumes/导演们/大卫·柯南伯格/灵婴/灵婴.The.Brood.1979.avi	1	0	paired sidecar: 灵婴.The.Brood.1979.sub
/Volumes/导演们/杜拉斯/塞扎里	/Volumes/导演们/杜拉斯/塞扎里/Cesaree.mkv	1	0	
/Volumes/导演们/威廉·惠勒/孔雀夫人	/Volumes/导演们/威廉·惠勒/孔雀夫人/孔雀夫人.Dodsworth.1936.DVDRip.X264.AAC-jeffWen.mkv	1	0	paired sidecar: 孔雀夫人.Dodsworth.1936.DVDRip.X264.AAC-jeffWen.eng.sub
/Volumes/导演们/威廉·惠勒/香笺泪	/Volumes/导演们/威廉·惠勒/香笺泪/香笺泪.The.Letter.1940.DVDRip.XviD.MP3-VH-PROD.mkv	1	0	paired sidecar: 香笺泪.The.Letter.1940.DVDRip.XviD.MP3-VH-PROD.sub
/Volumes/导演们/莫里斯·皮亚拉/伊斯坦布尔	/Volumes/导演们/莫里斯·皮亚拉/伊斯坦布尔/伊斯坦布尔.Istanbul.-.1964.-.Maurice.Pialat.-.MoC.74.-.tt0422504.mkv	1	0	paired sidecar: Istanbul - 1964 - Maurice Pialat - MoC 74 - tt0422504.sub
/Volumes/导演们/莫里斯·皮亚拉/佩何里凡	/Volumes/导演们/莫里斯·皮亚拉/佩何里凡/佩何里凡.Pehlivan.-.1964.-.Maurice.Pialat.-.MoC.74.-.tt0325964.mkv	1	0	paired sidecar: Pehlivan - 1964 - Maurice Pialat - MoC 74 - tt0325964.sub
/Volumes/导演们/莫里斯·皮亚拉/博斯普鲁斯	/Volumes/导演们/莫里斯·皮亚拉/博斯普鲁斯/博斯普鲁斯.Bosphore.(Bosporus).-.1964.-.Maurice.Pialat.-.MoC.74.-.tt1866932.mkv	1	0	paired sidecar: Bosphore (Bosporus) - 1964 - Maurice Pialat - MoC 74 - tt1866932.sub
/Volumes/导演们/莫里斯·皮亚拉/可笑的表情	/Volumes/导演们/莫里斯·皮亚拉/可笑的表情/可笑的表情.Drôles.de.bobines.(Funny.Reels).-.1957.-.Maurice.Pialat.-.MoC.74.-.tt1866954.mkv	1	0	paired sidecar: Drôles de bobines (Funny Reels) - 1957 - Maurice Pialat - MoC 74 - tt1866954.sub
/Volumes/导演们/莫里斯·皮亚拉/吉妮	/Volumes/导演们/莫里斯·皮亚拉/吉妮/吉妮.Janine.-.1961.-.Maurice.Pialat.-.MoC.74.-.tt0209056.mkv	1	0	paired sidecar: Janine - 1961 - Maurice Pialat - MoC 74 - tt0209056.sub
/Volumes/导演们/莫里斯·皮亚拉/家庭阴影	/Volumes/导演们/莫里斯·皮亚拉/家庭阴影/家庭阴影.L'Ombre.familière.(The.Familiar.Shadow).-.1958.-.Maurice.Pialat.-.MoC.74.-.tt1866992.mkv	1	0	paired sidecar: L'Ombre familière (The Familiar Shadow) - 1958 - Maurice Pialat - MoC 74 - tt1866992.sub
/Volumes/导演们/莫里斯·皮亚拉/张口结舌	/Volumes/导演们/莫里斯·皮亚拉/张口结舌/张口结舌.La.Gueule.ouverte.-.1974.-.Maurice.Pialat.-.MoC.74.-.tt0071587.mkv	1	0	paired sidecar: La Gueule ouverte - 1974 - Maurice Pialat - MoC 74 - tt0071587.sub
/Volumes/导演们/莫里斯·皮亚拉/拜占庭	/Volumes/导演们/莫里斯·皮亚拉/拜占庭/拜占庭.Byzance.(Byzantium).-.1964.-.Maurice.Pialat.-.MoC.74.-.tt0325139.mkv	1	0	paired sidecar: Byzance (Byzantium) - 1964 - Maurice Pialat - MoC 74 - tt0325139.sub
/Volumes/导演们/莫里斯·皮亚拉/毕业生	/Volumes/导演们/莫里斯·皮亚拉/毕业生/毕业生.Passe.ton.bac.d'abord.-.1979.-.Maurice.Pialat.-.MoC.75.-.tt0079701.mkv	1	0	paired sidecar: Passe ton bac d'abord - 1979 - Maurice Pialat - MoC 75 - tt0079701.sub
/Volumes/导演们/莫里斯·皮亚拉/盖洛普大师	/Volumes/导演们/莫里斯·皮亚拉/盖洛普大师/盖洛普大师.Maître.Galip.(Master.Galip).-.1964.-.Maurice.Pialat.-.MoC.74.-.tt0209140.mkv	1	0	paired sidecar: Maître Galip (Master Galip) - 1964 - Maurice Pialat - MoC 74 - tt0209140.sub
/Volumes/导演们/莫里斯·皮亚拉/警察	/Volumes/导演们/莫里斯·皮亚拉/警察/警察.Police.-.1985.-.Maurice.Pialat.-.MoC.77.-.tt0089821.mkv	1	0	paired sidecar: Police - 1985 - Maurice Pialat - MoC 77 - tt0089821.sub
/Volumes/导演们/莫里斯·皮亚拉/金号角	/Volumes/导演们/莫里斯·皮亚拉/金号角/金号角.La.Corne.d’or.(The.Golden.Horn).-.1964.-.Maurice.Pialat.-MoC.74.-.tt0810373.mkv	1	0	paired sidecar: La Corne d’or (The Golden Horn) - 1964 - Maurice Pialat -MoC 74 - tt0810373.sub
/Volumes/导演们/莫里斯·皮亚拉/Isabelle aux Dombes	/Volumes/导演们/莫里斯·皮亚拉/Isabelle aux Dombes/Isabelle.aux.Dombes.1951.Maurice.Pialat.MoC.78.tt1861353.mkv	1	0	paired sidecar: Isabelle aux Dombes - 1951 - Maurice Pialat - MoC 78 - tt1861353.sub
/Volumes/导演们/莫里斯·皮亚拉/卡马格	/Volumes/导演们/莫里斯·皮亚拉/卡马格/卡马格.La.Camargue.-.1966.-.Maurice.Pialat.-.MoC.73.mkv	1	0	paired sidecar: La Camargue - 1966 - Maurice Pialat - MoC 73.sub
/Volumes/导演们/莫里斯·皮亚拉/教区圣体大会	/Volumes/导演们/莫里斯·皮亚拉/教区圣体大会/教区圣体大会.Congrès.eucharistique.diocésain.-.1953.-.Maurice.Pialat.-.MoC.78.-.tt1861302.mkv	1	0	paired sidecar: Congrès eucharistique diocésain - 1953 - Maurice Pialat - MoC 78 - tt1861302.sub
/Volumes/导演们/大岛渚/日本之夜与雾	/Volumes/导演们/大岛渚/日本之夜与雾/日本之夜与雾.日本の夜と霧.1960.mp4	1	0	paired sidecar: 日本之夜与雾.chs.sub
/Volumes/导演们/亨利·乔治·克鲁佐/乌鸦	/Volumes/导演们/亨利·乔治·克鲁佐/乌鸦/乌鸦.Le.Corbeau.1943.DVDRip.XviD-FRAGM.mp4	1	0	paired sidecar: Le+Corbeau_Henri-Georges+Clouzot_1943.sub
/Volumes/导演们/亨利·乔治·克鲁佐/女囚犯	/Volumes/导演们/亨利·乔治·克鲁佐/女囚犯/女囚犯.La.Prisonniere.1968.ru1-fr.mp4	1	0	paired sidecar: 女囚犯.La.Prisonniere.1968.ru1-fr.sub
/Volumes/导演们/亨利·乔治·克鲁佐/犯罪河岸	/Volumes/导演们/亨利·乔治·克鲁佐/犯罪河岸/犯罪河岸.Quai.des.Orfevres.1947.mkv	1	0	paired sidecar: 犯罪河岸.Quai.des.Orfevres.1947.sub
/Volumes/导演们/伊利亚·卡赞/围歼街头	/Volumes/导演们/伊利亚·卡赞/围歼街头/围歼街头.Elia.Kazan.Panic.In.The.Streets.1950.mkv	1	0	paired sidecar: 围歼街头.Elia.Kazan.Panic.In.The.Streets.1950.chs.sub
/Volumes/导演们/比利·怀尔德/七年之痒	/Volumes/导演们/比利·怀尔德/七年之痒/七年之痒.The.Seven.Year.Itch.1955.DVDRip.XviD-HigHoT.mkv	1	0	paired sidecar: 七年之痒.The.Seven.Year.Itch.1955.DVDRip.XviD-HigHoT.sub
/Volumes/导演们/比利·怀尔德/大人与小孩	/Volumes/导演们/比利·怀尔德/大人与小孩/大人与小孩.The.Major.and.the.Minor.1942.DVDRip.XviD.iMMORTALs.mkv	1	0	paired sidecar: 大人与小孩.The.Major.and.the.Minor.1942.DVDRip.XviD.iMMORTALs.sub
/Volumes/导演们/比利·怀尔德/爱玛姑娘	/Volumes/导演们/比利·怀尔德/爱玛姑娘/爱玛姑娘.Irma.La.Douce.1963.DVDRip.XviD-BW.mkv	4	0	paired sidecar: Irma la Douce (1963) 01.2.sub; paired sidecar: Irma la Douce (1963) 02.2.sub; paired sidecar: 爱玛姑娘.Irma.La.Douce.1963.DVDRip.XviD-BW.2.sub; paired sidecar: 爱玛姑娘.Irma.La.Douce.1963.DVDRip.XviD-BW.sub
/Volumes/导演们/比利·怀尔德/璇宫艳舞	/Volumes/导演们/比利·怀尔德/璇宫艳舞/璇宫艳舞.The.Emperor.Waltz.1948.DVDRip.XviD-BW.mkv	1	0	paired sidecar: 璇宫艳舞.The.Emperor.Waltz.1948.DVDRip.XviD-BW.sub
/Volumes/导演们/若松孝二/墙中秘事	/Volumes/导演们/若松孝二/墙中秘事/墙中秘事.Kabe.no.naka.no.himegoto.1965.avi	1	0	paired sidecar: Affairs Within Walls.1965.sub
/Volumes/导演们/西德尼·吕美特/山丘	/Volumes/导演们/西德尼·吕美特/山丘/山丘.The.Hill.1965.DVDRip.x264.mkv	1	0	paired sidecar: 山丘.The.Hill.1965.DVDRip.x264.chs.sub
/Volumes/导演们/谢尔盖·爱森斯坦/伊凡雷帝	/Volumes/导演们/谢尔盖·爱森斯坦/伊凡雷帝/[伊凡雷帝1].Ivan.the.Terrible,Part.One.1944.DVDrip.XviD.AC3.iNT-alaundo.avi	1	0	paired sidecar: [伊凡雷帝1].Ivan.the.Terrible,Part.One.1944.DVDrip.XviD.AC3.iNT-alaundo.sub
/Volumes/导演们/谢尔盖·爱森斯坦/十月	/Volumes/导演们/谢尔盖·爱森斯坦/十月/十月.October.Ten.Days.That.Shook.The.World.1928.mp4	1	0	paired sidecar: 十月.October.-Ten.Days.That.Shook.The.World.sub
/Volumes/导演们/谢尔盖·爱森斯坦/墨西哥万岁	/Volumes/导演们/谢尔盖·爱森斯坦/墨西哥万岁/墨西哥万岁.Que.viva.Mexico.1979.mp4	1	0	paired sidecar: 墨西哥万岁.Que.viva.Mexico.chs.sub
/Volumes/导演们/杨·史云梅耶/唐璜	/Volumes/导演们/杨·史云梅耶/唐璜/唐璜.Don.Juan.1970.fico-donjuan.mkv	1	0	paired sidecar: fico-donjuan.sub
/Volumes/导演们/杨·史云梅耶/最后的把戏	/Volumes/导演们/杨·史云梅耶/最后的把戏/最后的把戏.The.Last.Trick.1964.fico-lastrick.mkv	1	0	paired sidecar: fico-lastrick.sub
/Volumes/导演们/杨·史云梅耶/纳骨堂	/Volumes/导演们/杨·史云梅耶/纳骨堂/纳骨堂.The.Ossuary.1970.fico-ossuary.mkv	1	0	paired sidecar: fico-ossuary.sub
/Volumes/导演们/耶尔齐·卡瓦莱罗维奇/【百度贴吧经典电影吧整理收集】修女乔安娜 Matka Joanna od aniolów (1961)	/Volumes/导演们/耶尔齐·卡瓦莱罗维奇/【百度贴吧经典电影吧整理收集】修女乔安娜 Matka Joanna od aniolów (1961)/修女乔安娜.Matka.Joanna.od.aniolow.1961.avi	1	0	paired sidecar: mother.joan.of.the.angels.1961.dvdrip.xvid-imbt.sub
/Volumes/导演们/耶尔齐·卡瓦莱罗维奇/【百度贴吧经典电影吧整理收集】旅店 Austeria (1982)	/Volumes/导演们/耶尔齐·卡瓦莱罗维奇/【百度贴吧经典电影吧整理收集】旅店 Austeria (1982)/百度贴吧经典电影吧整理收集.旅店.1982.A.HDRip-AVC.mkv	1	0	paired sidecar: 百度贴吧经典电影吧整理收集.旅店.1982.A.HDRip-AVC.chs.sub
/Volumes/导演们/约瑟夫·罗西/车祸	/Volumes/导演们/约瑟夫·罗西/车祸/车祸.Accident.1967.Dvdrip.Xvid-Finale.mkv	1	0	paired sidecar: 车祸.Accident.1967.Dvdrip.Xvid-Finale.chs.sub
/Volumes/导演们/约瑟夫·罗西/鳟鱼 La Truite (1982)	/Volumes/导演们/约瑟夫·罗西/鳟鱼 La Truite (1982)/鳟鱼.The.Trout.1982.DVDRip.XviD-iMBT.mkv	0	4	
/Volumes/导演们/拉杜·裘德/喝彩	/Volumes/导演们/拉杜·裘德/喝彩/喝彩.Aferim.2015.BDRip.X264.iNT-TLF.mkv	2	0	
/Volumes/导演们/沃纳·赫尔佐格/一只土拨鼠能啃掉多少	/Volumes/导演们/沃纳·赫尔佐格/一只土拨鼠能啃掉多少/一只土拨鼠能啃掉多少.How.Much.Wood.Would.a.Woodchuck.Chuck.1976.Herzog.mkv	1	0	paired sidecar: Herzog.-.Woodchuck.sub
/Volumes/导演们/沃纳·赫尔佐格/东非的飞行医生们	/Volumes/导演们/沃纳·赫尔佐格/东非的飞行医生们/东非的飞行医生们.Die.fliegenden.Arzte.von.Ostafrika.1969.aka.The.Flying.Doctors.of.East.Africa.mkv	1	0	paired sidecar: Die.fliegenden.Arzte.von.Ostafrika.aka.The.Flying.Doctors.of.East.Africa.sub
/Volumes/导演们/沃纳·赫尔佐格/太阳牧者	/Volumes/导演们/沃纳·赫尔佐格/太阳牧者/太阳牧者.Wodaabe.Herdsmen.of.the.Sun.1989.Wodaabe1.mkv	1	0	paired sidecar: 太阳牧者1989.sub
/Volumes/导演们/沃纳·赫尔佐格/希望的翅膀	/Volumes/导演们/沃纳·赫尔佐格/希望的翅膀/希望的翅膀.Wings.of.Hope.1998.avi	1	0	paired sidecar: 希望之翼2000.sub
/Volumes/导演们/沃纳·赫尔佐格/来自昏暗国度的回声	/Volumes/导演们/沃纳·赫尔佐格/来自昏暗国度的回声/来自昏暗国度的回声.Echos.aus.einem.duesteren.Reich.1990.avi	1	0	paired sidecar: Echos.aus.einem.düsteren.Reich.sub
/Volumes/导演们/沃纳·赫尔佐格/绿蚂蚁做梦的地方	/Volumes/导演们/沃纳·赫尔佐格/绿蚂蚁做梦的地方/绿蚁安睡的地方.Where.the.Green.Ants.Dream.1984.mkv	1	0	paired sidecar: wrd-wtgad.sub
/Volumes/导演们/沃纳·赫尔佐格/赫尔佐格短片集/五种死亡的声音	/Volumes/导演们/沃纳·赫尔佐格/赫尔佐格短片集/五种死亡的声音/DeathForFiveVoices.mkv	1	0	paired sidecar: DeathForFiveVoices.sub
/Volumes/导演们/沃纳·赫尔佐格/赫尔佐格短片集/留心对抗梦幻	/Volumes/导演们/沃纳·赫尔佐格/赫尔佐格短片集/留心对抗梦幻/Massnahmen.gegen.Fanatiker.aka.Measures.Against.Fanatics.mkv	1	0	paired sidecar: Massnahmen.gegen.Fanatiker.aka.Measures.Against.Fanatics.sub
/Volumes/导演们/沃纳·赫尔佐格/赫尔佐格短片集/赫尔佐格吃他的鞋	/Volumes/导演们/沃纳·赫尔佐格/赫尔佐格短片集/赫尔佐格吃他的鞋/shoe.mkv	1	0	paired sidecar: shoe.sub
/Volumes/导演们/克日什托夫·基耶斯洛夫斯基/短片/愿望音乐会	/Volumes/导演们/克日什托夫·基耶斯洛夫斯基/短片/愿望音乐会/愿望音乐会.Concert.of.Wishes.1967.mkv	2	0	
/Volumes/导演们/伊日·门泽尔/金黄色的回忆	/Volumes/导演们/伊日·门泽尔/金黄色的回忆/金黄色的回忆.Postriziny.1981.mkv	1	0	paired sidecar: 金黄色的回忆.Postriziny.1981.chs.sub
/Volumes/导演们/卢基诺·维斯康蒂/北斗七星	/Volumes/导演们/卢基诺·维斯康蒂/北斗七星/北斗七星.Vaghe.Stelle.Dell.Orsa.1965.DVDRip.XviD-BLooDWeiSeR.mkv	1	0	paired sidecar: Vaghe.Stelle.Dell.Orsa.1965.DVDRip.XviD-BLooDWeiSeR.sub
/Volumes/导演们/卢基诺·维斯康蒂/沉沦	/Volumes/导演们/卢基诺·维斯康蒂/沉沦/沉沦.Ossessione.1943.DVDRip.XviD.avi	2	0	paired sidecar: 沉沦.Ossessione.1943.DVDRip.XviD.chs.sub
/Volumes/导演们/卢基诺·维斯康蒂/纳粹狂魔	/Volumes/导演们/卢基诺·维斯康蒂/纳粹狂魔/纳粹狂魔.La.Caduta.Degli.Dei.1969.DVDRip.DivX.mkv	2	0	
/Volumes/导演们/肯·洛奇/对话杰里米·科尔宾	/Volumes/导演们/肯·洛奇/对话杰里米·科尔宾/对话杰里米·科尔宾.In.Conversation.With.Jeremy.Corbyn.2016.WEB-DL.1080p.H264.AAC-dingfengbo.mp4	1	0	
/Volumes/导演们/曼努埃尔·德·奥利维拉/追忆童年往事	/Volumes/导演们/曼努埃尔·德·奥利维拉/追忆童年往事/porto.of.my.childhood.2001.dvdrip.xvid-espise.avi	1	0	paired sidecar: porto.of.my.childhood.2001.dvdrip.xvid-espise.sub
/Volumes/导演们/泽维尔·多兰/汤姆的农场旅行	/Volumes/导演们/泽维尔·多兰/汤姆的农场旅行/汤姆的农场旅行.Tom.at.the.Farm.2013.Blu.Ray.720p.CINEMANIA.mkv	1	0	
/Volumes/分类/华语世界/中国大陆/20世纪老电影/90/本命年	/Volumes/分类/华语世界/中国大陆/20世纪老电影/90/本命年/本命年.Black.Snow.1990.DVDRip.X264-KEN.mkv	1	0	paired sidecar: [本命年].Black.Snow.1990.DVDRip.X264-KEN.sub
/Volumes/分类/华语世界/台湾/张作骥/黑暗之光	/Volumes/分类/华语世界/台湾/张作骥/黑暗之光/[黑暗之光].Darkness.and.Light-nmv.mkv	1	0	paired sidecar: [黑暗之光].Darkness.and.Light-nmv.sub
/Volumes/分类/华语世界/禁/The.Passion.Of.The.Mao.2006.DVDRip.XviD-CoWRY	/Volumes/分类/华语世界/禁/The.Passion.Of.The.Mao.2006.DVDRip.XviD-CoWRY/cowry-tpotm.avi	1	0	paired sidecar: cowry-tpotm.sub
/Volumes/分类/传记·一段历史/春之颂	/Volumes/分类/传记·一段历史/春之颂/Fruhlingssinfonie--Spring-Symphony--1983--tt0085568--640x480.avi	5	0	
/Volumes/分类/传记·一段历史/科特·科本：关于一个孩子	/Volumes/分类/传记·一段历史/科特·科本：关于一个孩子/科特·科本：关于一个孩子.Kurt.Cobain.About.A.Son.2006.LiMiTED.DOCU.DVDRip.XviD-RiZLA.mkv	0	2	
/Volumes/分类/动画片/艾迪与我	/Volumes/分类/动画片/艾迪与我/Technotise.Edit.And.I.2009.DVDRip.XviD-REACTOR.avi	1	0	paired sidecar: Technotise.Edit.And.I.2009.DVDRip.XviD-REACTOR.sub
/Volumes/分类/动画片/阿祖尔和阿斯马尔	/Volumes/分类/动画片/阿祖尔和阿斯马尔/阿祖尔和阿斯马尔.Azur.et.Asmar.2006.BluRay.480p.x264.AC3-CHD.mkv	1	0	paired sidecar: [阿祖尔和阿斯马尔].Azur.et.Asmar.2006.BluRay.480p.x264.AC3-CHD.sub
/Volumes/分类/公路/寻找1967年女神	/Volumes/分类/公路/寻找1967年女神/寻找1967年女神.The_Goddess_of_1967_.mkv	1	0	paired sidecar: The+Goddess+of+1967.sub
/Volumes/分类/CULT·实验/亚当斯一家的价值观	/Volumes/分类/CULT·实验/亚当斯一家的价值观/亚当斯一家的价值观.The.Addams.Family.Values.1993.DVDRip.DivX-NoGrp.mp4	1	0	paired sidecar: [亚当斯一家的价值观].The.Addams.Family.Values.1993.DVDRip.DivX-NoGrp.sub
/Volumes/分类/CULT·实验/化身博士	/Volumes/分类/CULT·实验/化身博士/Dr.Jekyll.and.Mr.Hyde.1931.DVDRip.X264.AAC-jeffWen.mkv	2	0	paired sidecar: [化身博士].Dr.Jekyll.and.Mr.Hyde.1931.DVDRip.X264.AAC-jeffWen.sub; paired sidecar: Dr.Jekyll.and.Mr.Hyde.1931.DVDRip.X264.AAC-jeffWen.baofeng.sub
/Volumes/分类/CULT·实验/有机体的秘密	/Volumes/分类/CULT·实验/有机体的秘密/WR Mysteries of the Organism (1971).avi	1	0	paired sidecar: WR Mysteries of the Organism (1971).sub
/Volumes/分类/CULT·实验/黑桃王后	/Volumes/分类/CULT·实验/黑桃王后/黑桃王后The Queen Of Spades (1949) DVDRip (SiRiUs sHaRe).mkv	1	0	paired sidecar: 黑桃王后.sub
/Volumes/分类/黑色电影/不夜城	/Volumes/分类/黑色电影/不夜城/不夜城_The_Naked_City.mkv	1	0	paired sidecar: 不夜城.sub
/Volumes/分类/黑色电影/兰闺艳血	/Volumes/分类/黑色电影/兰闺艳血/In.a.Lonely.Place.1950.DVDRip.XviD-MDX.avi	1	0	paired sidecar: In.a.Lonely.Place.1950.DVDRip.XviD-MDX.sub
/Volumes/分类/黑色电影/夜幕	/Volumes/分类/黑色电影/夜幕/imts-nightfall.avi	1	0	paired sidecar: VTS_03_0.sub
/Volumes/分类/黑色电影/大爵士乐队	/Volumes/分类/黑色电影/大爵士乐队/大爵士乐队The_Big_Combo.mkv	1	0	paired sidecar: 大爵士乐队.sub
/Volumes/分类/黑色电影/战胜恶魔	/Volumes/分类/黑色电影/战胜恶魔/战胜恶魔Beat_the_Devil_(1953).mkv	1	0	paired sidecar: 战胜恶魔.sub
/Volumes/分类/黑色电影/枪疯	/Volumes/分类/黑色电影/枪疯/Gun_Crazy(1949).avi	1	0	paired sidecar: Gun Crazy(1949).sub
/Volumes/分类/黑色电影/步步惊魂	/Volumes/分类/黑色电影/步步惊魂/The.Postman.Always.Rings.Twice.1946.CD2.DVDRip.XviD-FiNaLe.avi	1	0	
/Volumes/分类/黑色电影/痛苦的报酬	/Volumes/分类/黑色电影/痛苦的报酬/痛苦的报酬Force.Of.Evil.1948.DVDRip.x264.mkv	2	0	paired sidecar: 痛苦的报酬.sub
/Volumes/分类/黑色电影/血溅虎头门	/Volumes/分类/黑色电影/血溅虎头门/血溅虎头门.Brute.Force.1947.DVDRip.XviD-SEVcD.avi	1	0	paired sidecar: Brute Force[简&评论字幕].sub
/Volumes/分类/黑色电影/邮差总按两次铃	/Volumes/分类/黑色电影/邮差总按两次铃/The.Postman.Always.Rings.Twice.1946.CD1.DVDRip.XviD-FiNaLe.avi	2	0	
/Volumes/分类/恐怖/恐怖小店	/Volumes/分类/恐怖/恐怖小店/恐怖小店.The.Little.Shop.Of.Horrors.1960.COLORiZED.DVDRip.XviD-iLS.mp4	1	0	paired sidecar: ils.the.little.shop.of.horrors.1960.colorized.sub
/Volumes/分类/音乐/冬天里的心	/Volumes/分类/音乐/冬天里的心/冬天里的心.Un.Coeur.En.Hiver.1992.DVDRip.FRENCH.XviD-NewMov.avi	1	0	paired sidecar: Un.Coeur.En.Hiver.1992.DVDRip.XviD-NewMov.sub
/Volumes/分类/战争/亚历山大·涅夫斯基	/Volumes/分类/战争/亚历山大·涅夫斯基/亚历山大.涅夫斯基.Alexander.Nevsky.1938.avi	1	0	paired sidecar: 亚历山大·内夫斯基.sub
/Volumes/分类/战争/阳晖楼	/Volumes/分类/战争/阳晖楼/阳晖楼1983.avi	1	0	paired sidecar: 阳晖楼.sub
/Volumes/分类/爱情/三妻艳史	/Volumes/分类/爱情/三妻艳史/三妻艳史.A.Letter.To.Three.Wives.1949.DVDRip.XviD-VH-PROD.mkv	0	2	
/Volumes/分类/爱情/爱	/Volumes/分类/爱情/爱/Károly_Makk-Szerelem_(__Love__)_(1971).mkv	2	0	paired sidecar: Károly Makk-Szerelem ('Love') (1971).sub; paired sidecar: Károly Makk-Szerelem ('Love') (1971)英法.sub
/Volumes/分类/爱情/爱在世界崩溃时	/Volumes/分类/爱情/爱在世界崩溃时/lap-wseo.mkv	1	0	paired sidecar: lap-wseo.sub
/Volumes/分类/爱情/爱在别乡的季节	/Volumes/分类/爱情/爱在别乡的季节/爱在别乡的季节.Farewell.China.1990.DVDRip.X264.AAC-KEN.mkv	1	0	paired sidecar: [爱在别乡的季节].Farewell China.1990.DVDRip.X264.AAC-KEN.sub
/Volumes/分类/爱情/爱情公寓	/Volumes/分类/爱情/爱情公寓/爱情公寓.Orange.Love.2007.DVDRip.XviD-AsiSter.mkv	1	0	paired sidecar: [爱情公寓].Orange.Love.2007.DVDRip.XviD-AsiSter.baofeng.sub
/Volumes/分类/纪录/光影的魅力	/Volumes/分类/纪录/光影的魅力/光影的魅力.Visions.Of.Light.1992.DVDRip.XviD-HoN.avi	1	0	paired sidecar: hon-vol.sub
/Volumes/分类/纪录/山有多高	/Volumes/分类/纪录/山有多高/纪录观点之山有多高.mkv	1	0	
/Volumes/分类/纪录/战地摄影师	/Volumes/分类/纪录/战地摄影师/战地摄影师.War.Photographer.2001.DVDRip.XviD-TxxZ.mkv	1	0	
/Volumes/分类/纪录/诗歌的力量	/Volumes/分类/纪录/诗歌的力量/louder.than.a.bomb.limited.2010.dvdrip.xvid-lpd.mkv	0	1	
/Volumes/分类/科幻·奇幻/玛丽娜	/Volumes/分类/科幻·奇幻/玛丽娜/Malina.Werner.Schroeter.1991.German.Version.avi	0	4	
/Volumes/分类/短篇集/六个视线	/Volumes/分类/短篇集/六个视线/[六人视线].If.You.Were.Me.2003.DVDRip.x264.AC3-zKF.mkv	1	0	paired sidecar: [六人视线].If.You.Were.Me.2003.DVDRip.x264.AC3-zKF.sub
/Volumes/分类/短篇集/果酱短片集	/Volumes/分类/短篇集/果酱短片集/果酱短片集.Jam.films.2002.DVDRip.XviD-IMBT.mkv	1	0	paired sidecar: jam.films.2002.dvdrip.xvid-imbt.sub
/Volumes/分类/短篇集/火车三段程	/Volumes/分类/短篇集/火车三段程/Tickets.2005.DVDRip.x264-mafalda.mkv	1	0	paired sidecar: Tickets.2005.DVDRip.x264-mafalda.sub
/Volumes/分类/合集/要分类/执斧人	/Volumes/分类/合集/要分类/执斧人/执斧人+Siekierezada.avi	3	0	
/Volumes/分类/合集/要分类/(1950)遥远的旅程 Daleká cesta	/Volumes/分类/合集/要分类/(1950)遥远的旅程 Daleká cesta/daleka.cesta-kinobox.avi	1	0	paired sidecar: pme-dj.sub
/Volumes/分类/合集/要分类/(1963)一日一猫 Az prijde kocour	/Volumes/分类/合集/要分类/(1963)一日一猫 Az prijde kocour/Az-prijde-kocour-(1963).avi	1	0	paired sidecar: VTS_02_0.sub
/Volumes/分类/合集/要分类/(1966)雏菊 Sedmikrásky	/Volumes/分类/合集/要分类/(1966)雏菊 Sedmikrásky/sedmikrasky_1966-nahrano-pres-MULTILOAD-CZ.avi	1	0	paired sidecar: Daisies.sub
/Volumes/分类/合集/要分类/(1966)海底的珍珠 Perlicky na dne	/Volumes/分类/合集/要分类/(1966)海底的珍珠 Perlicky na dne/Perličky-na-dně-1965-cz.dabing.AX.avi	1	0	paired sidecar: 海底的珍珠.sub
/Volumes/分类/合集/要分类/(1969)玩笑	/Volumes/分类/合集/要分类/(1969)玩笑/玩笑+Zert+(1969).avi	1	0	paired sidecar: 玩笑+Zert+(1969).sub
/Volumes/分类/合集/要分类/(1996)马里安 Marian	/Volumes/分类/合集/要分类/(1996)马里安 Marian/Marian-(1996).avi	1	0	paired sidecar: VTS_02_0.sub
/Volumes/分类/合集/要分类/惩罚公园	/Volumes/分类/合集/要分类/惩罚公园/Punishment.Park.1971.DVDRip.x264.mkv	1	0	paired sidecar: Punishment Park[简].sub
/Volumes/分类/故事/昨日青春	/Volumes/分类/故事/昨日青春/愉快终末.HAPPYEND.2024.U-NEXT.WEB-DL.1080p.X264-XRES.chs.otoka.sub-030.sup.mp4	1	0	
/Volumes/分类/喜剧/意大利式离婚	/Volumes/分类/喜剧/意大利式离婚/Divorzio all'italiana - Germi Pietro 1 - 1961 - con Sofia Loren, Marcello Mastroianni ITA.mp4	1	0	paired sidecar: [意大利式离婚].Divorce.Italian.Style.1961.CE.DVDRip.XviD-iMMORTALs.sub
/Volumes/分类/喜剧/捷克有间大酒店	/Volumes/分类/喜剧/捷克有间大酒店/Grandhotel.2006.dvdrip.Xvid-Douban.mp4	1	0	paired sidecar: Grandhotel.2006.dvdrip.Xvid-Douban.EnCz-sub.sub
/Volumes/分类/喜剧/摇尾狗	/Volumes/分类/喜剧/摇尾狗/作大英雄.Wag.The.Dog.1997.DVDRip.XviD-OS.iLUMiNADOS.avi	1	0	paired sidecar: [作大英雄].Wag.The.Dog.1997.DVDRip.XviD-OS.iLUMiNADOS.sub
/Volumes/分类/喜剧/道别派对	/Volumes/分类/喜剧/道别派对/Mita.Tova.2014.DVDRIP.XVID.AC3.mkv	1	0	
/Volumes/分类/惊悚·犯罪·动作/最美丽的妻子	/Volumes/分类/惊悚·犯罪·动作/最美丽的妻子/The.Most.Beautiful.Wife.70.mkv	1	0	paired sidecar: The.Most.Beautiful.Wife.70.sub
/Volumes/分类/惊悚·犯罪·动作/玛塔在里斯本	/Volumes/分类/惊悚·犯罪·动作/玛塔在里斯本/1970-O Cerco aka Besieged (Antonio da Cunha Telles).avi	1	0	paired sidecar: O Cerco aka Besieged 1970.sub
/Volumes/分类/惊悚·犯罪·动作/该死的野兽	/Volumes/分类/惊悚·犯罪·动作/该死的野兽/野兽之死.the.beast.to.die.toru.murakawa.1980.avi	1	0	paired sidecar: 野兽之死.the.beast.to.die.(toru.murakawa.1980).sub
/Volumes/分类/青春·儿童/听见天堂	/Volumes/分类/青春·儿童/听见天堂/听见天堂.Red.Like.The.Sky.2006.DVDRip.XviD-MESS.mkv	1	0	paired sidecar: [听见天堂].Red.Like.The.Sky.2006.DVDRip.XviD-MESS.sub
/Volumes/分类/青春·儿童/悲怜上帝的小女儿	/Volumes/分类/青春·儿童/悲怜上帝的小女儿/悲怜上帝的小女儿.Ponette.1996.DVDRip.Xvid.Mp3.720x480.30Fps.French.mkv	1	0	paired sidecar: [悲怜上帝的小女儿].Ponette.1996.DVDRip.Xvid.Mp3.720x480.30Fps.French.sub
