folder	source	destination	status
/Volumes/导演们/安杰伊·瓦依达/伊乌扎的陶瓷	/Volumes/导演们/安杰伊·瓦依达/伊乌扎的陶瓷/Ceramika ilzecka(1951)/Ceramika ilzecka(1951).Cns.srt	/Volumes/导演们/安杰伊·瓦依达/伊乌扎的陶瓷/Ceramika ilzecka(1951).Cns.srt	DRY_RUN_WOULD_MOVE
/Volumes/导演们/安杰伊·瓦依达/伊乌扎的陶瓷	/Volumes/导演们/安杰伊·瓦依达/伊乌扎的陶瓷/Ceramika ilzecka(1951)/Ceramika ilzecka(1951).En.srt	/Volumes/导演们/安杰伊·瓦依达/伊乌扎的陶瓷/Ceramika ilzecka(1951).En.srt	DRY_RUN_WOULD_MOVE
/Volumes/导演们/琪拉·穆拉托娃/漫长的告别	/Volumes/导演们/琪拉·穆拉托娃/漫长的告别/DVDRIP-UNCUT/dvdrip簡體.srt	/Volumes/导演们/琪拉·穆拉托娃/漫长的告别/dvdrip簡體.srt	DRY_RUN_WOULD_MOVE
/Volumes/导演们/琪拉·穆拉托娃/漫长的告别	/Volumes/导演们/琪拉·穆拉托娃/漫长的告别/DVDRIP-UNCUT/dvdrip繁體.srt	/Volumes/导演们/琪拉·穆拉托娃/漫长的告别/dvdrip繁體.srt	DRY_RUN_WOULD_MOVE
/Volumes/导演们/琪拉·穆拉托娃/漫长的告别	/Volumes/导演们/琪拉·穆拉托娃/漫长的告别/TVRIP/TVRIP意大利文字幕.srt	/Volumes/导演们/琪拉·穆拉托娃/漫长的告别/TVRIP意大利文字幕.srt	DRY_RUN_WOULD_MOVE
/Volumes/导演们/琪拉·穆拉托娃/漫长的告别	/Volumes/导演们/琪拉·穆拉托娃/漫长的告别/TVRIP/TVRIP簡體.srt	/Volumes/导演们/琪拉·穆拉托娃/漫长的告别/TVRIP簡體.srt	DRY_RUN_WOULD_MOVE
/Volumes/导演们/琪拉·穆拉托娃/漫长的告别	/Volumes/导演们/琪拉·穆拉托娃/漫长的告别/TVRIP/TVRIP繁體.srt	/Volumes/导演们/琪拉·穆拉托娃/漫长的告别/TVRIP繁體.srt	DRY_RUN_WOULD_MOVE
/Volumes/导演们/琪拉·穆拉托娃/萍水相逢	/Volumes/导演们/琪拉·穆拉托娃/萍水相逢/萍水相逢/Kira.Muratova-Korotkie.Vstrechi.1967-SMz萍水相逢簡體.srt	/Volumes/导演们/琪拉·穆拉托娃/萍水相逢/Kira.Muratova-Korotkie.Vstrechi.1967-SMz萍水相逢簡體.srt	DRY_RUN_WOULD_MOVE
/Volumes/导演们/琪拉·穆拉托娃/萍水相逢	/Volumes/导演们/琪拉·穆拉托娃/萍水相逢/萍水相逢/Kira.Muratova-Korotkie.Vstrechi.1967-SMz萍水相逢繁體.srt	/Volumes/导演们/琪拉·穆拉托娃/萍水相逢/Kira.Muratova-Korotkie.Vstrechi.1967-SMz萍水相逢繁體.srt	DRY_RUN_WOULD_MOVE
/Volumes/导演们/让·吕克.戈达尔/高達神曲	/Volumes/导演们/让·吕克.戈达尔/高達神曲/[神曲][Notre.Musique.2004][阳光法国]/[神曲][Notre.Musique.2004][阳光法国].srt	/Volumes/导演们/让·吕克.戈达尔/高達神曲/[神曲][Notre.Musique.2004][阳光法国].srt	DRY_RUN_WOULD_MOVE
/Volumes/导演们/维拉·希蒂洛娃/(1970)天堂禁果 Ovoce stromu rajských jíme	/Volumes/导演们/维拉·希蒂洛娃/(1970)天堂禁果 Ovoce stromu rajských jíme/subs/Fruit.of.paradise.EN.srt	/Volumes/导演们/维拉·希蒂洛娃/(1970)天堂禁果 Ovoce stromu rajských jíme/Fruit.of.paradise.EN.srt	DRY_RUN_WOULD_MOVE
/Volumes/导演们/维拉·希蒂洛娃/(1970)天堂禁果 Ovoce stromu rajských jíme	/Volumes/导演们/维拉·希蒂洛娃/(1970)天堂禁果 Ovoce stromu rajských jíme/subs/Fruit.of.paradise.ES.srt	/Volumes/导演们/维拉·希蒂洛娃/(1970)天堂禁果 Ovoce stromu rajských jíme/Fruit.of.paradise.ES.srt	DRY_RUN_WOULD_MOVE
/Volumes/导演们/刘别谦/有声片/蓝胡子的第八任妻子	/Volumes/导演们/刘别谦/有声片/蓝胡子的第八任妻子/蓝胡子的第八任妻子/Bluebeard__s.Eighth.Wife.(1938).FS.DVDRip.XviD.eng.srt	/Volumes/导演们/刘别谦/有声片/蓝胡子的第八任妻子/Bluebeard__s.Eighth.Wife.(1938).FS.DVDRip.XviD.eng.srt	DRY_RUN_WOULD_MOVE
/Volumes/导演们/刘别谦/有声片/蓝胡子的第八任妻子	/Volumes/导演们/刘别谦/有声片/蓝胡子的第八任妻子/蓝胡子的第八任妻子/蓝胡子的第八任妻子Bluebeard__s.Eighth.Wife.(1938).FS.DVDRip.XviD.eng.srt	/Volumes/导演们/刘别谦/有声片/蓝胡子的第八任妻子/蓝胡子的第八任妻子Bluebeard__s.Eighth.Wife.(1938).FS.DVDRip.XviD.eng.srt	DRY_RUN_WOULD_MOVE
/Volumes/导演们/亚历山大·索科洛夫/悲戚的冷漠	/Volumes/导演们/亚历山大·索科洛夫/悲戚的冷漠/Skorbnoye Beschuvstviye (Mournful Unconcern 1987)/Skorbnoye Beschuvstviye (Mournful Unconcern 1987) EN.srt	/Volumes/导演们/亚历山大·索科洛夫/悲戚的冷漠/Skorbnoye Beschuvstviye (Mournful Unconcern 1987) EN.srt	DRY_RUN_WOULD_MOVE
/Volumes/导演们/亚历山大·索科洛夫/悲戚的冷漠	/Volumes/导演们/亚历山大·索科洛夫/悲戚的冷漠/Skorbnoye Beschuvstviye (Mournful Unconcern 1987)/Skorbnoye Beschuvstviye (Mournful Unconcern 1987)chs.srt	/Volumes/导演们/亚历山大·索科洛夫/悲戚的冷漠/Skorbnoye Beschuvstviye (Mournful Unconcern 1987)chs.srt	DRY_RUN_WOULD_MOVE
/Volumes/导演们/亚历桑德罗·佐杜洛夫斯基/鼹鼠	/Volumes/导演们/亚历桑德罗·佐杜洛夫斯基/鼹鼠/其他正片、访问字幕/El Topo.EN1.srt	/Volumes/导演们/亚历桑德罗·佐杜洛夫斯基/鼹鼠/El Topo.EN1.srt	DRY_RUN_WOULD_MOVE
/Volumes/导演们/亚历桑德罗·佐杜洛夫斯基/鼹鼠	/Volumes/导演们/亚历桑德罗·佐杜洛夫斯基/鼹鼠/其他正片、访问字幕/El Topo.EN2.srt	/Volumes/导演们/亚历桑德罗·佐杜洛夫斯基/鼹鼠/El Topo.EN2.srt	DRY_RUN_WOULD_MOVE
/Volumes/导演们/亚历桑德罗·佐杜洛夫斯基/鼹鼠	/Volumes/导演们/亚历桑德罗·佐杜洛夫斯基/鼹鼠/其他正片、访问字幕/El Topo.ESP1.srt	/Volumes/导演们/亚历桑德罗·佐杜洛夫斯基/鼹鼠/El Topo.ESP1.srt	DRY_RUN_WOULD_MOVE
/Volumes/导演们/亚历桑德罗·佐杜洛夫斯基/鼹鼠	/Volumes/导演们/亚历桑德罗·佐杜洛夫斯基/鼹鼠/其他正片、访问字幕/El Topo.ESP2.srt	/Volumes/导演们/亚历桑德罗·佐杜洛夫斯基/鼹鼠/El Topo.ESP2.srt	DRY_RUN_WOULD_MOVE
/Volumes/导演们/亚历桑德罗·佐杜洛夫斯基/鼹鼠	/Volumes/导演们/亚历桑德罗·佐杜洛夫斯基/鼹鼠/其他正片、访问字幕/El Topo.FR1.srt	/Volumes/导演们/亚历桑德罗·佐杜洛夫斯基/鼹鼠/El Topo.FR1.srt	DRY_RUN_WOULD_MOVE
/Volumes/导演们/亚历桑德罗·佐杜洛夫斯基/鼹鼠	/Volumes/导演们/亚历桑德罗·佐杜洛夫斯基/鼹鼠/其他正片、访问字幕/El Topo.FR2.srt	/Volumes/导演们/亚历桑德罗·佐杜洛夫斯基/鼹鼠/El Topo.FR2.srt	DRY_RUN_WOULD_MOVE
/Volumes/导演们/亚历桑德罗·佐杜洛夫斯基/鼹鼠	/Volumes/导演们/亚历桑德罗·佐杜洛夫斯基/鼹鼠/其他正片、访问字幕/El Topo.POR1.srt	/Volumes/导演们/亚历桑德罗·佐杜洛夫斯基/鼹鼠/El Topo.POR1.srt	DRY_RUN_WOULD_MOVE
/Volumes/导演们/亚历桑德罗·佐杜洛夫斯基/鼹鼠	/Volumes/导演们/亚历桑德罗·佐杜洛夫斯基/鼹鼠/其他正片、访问字幕/El Topo.POR2.srt	/Volumes/导演们/亚历桑德罗·佐杜洛夫斯基/鼹鼠/El Topo.POR2.srt	DRY_RUN_WOULD_MOVE
/Volumes/导演们/扬·内梅克/一个都不能走	/Volumes/导演们/扬·内梅克/一个都不能走/zimu/[宴会与客人].O_Slavnosti_A_Hostech_Jan_Nemec_(1966).srt	/Volumes/导演们/扬·内梅克/一个都不能走/[宴会与客人].O_Slavnosti_A_Hostech_Jan_Nemec_(1966).srt	DRY_RUN_WOULD_MOVE
/Volumes/导演们/扬·内梅克/一个都不能走	/Volumes/导演们/扬·内梅克/一个都不能走/zimu/夜宴O slavnosti a hostech(1966).srt	/Volumes/导演们/扬·内梅克/一个都不能走/夜宴O slavnosti a hostech(1966).srt	DRY_RUN_WOULD_MOVE
/Volumes/导演们/曼努埃尔·德·奥利维拉/神曲	/Volumes/导演们/曼努埃尔·德·奥利维拉/神曲/神曲A_Divina_Comedia__Manoel_de_Oliveira__1991__DVDRip_para_divxclasico/神曲A_Divina_Comedia__Manoel_de_Oliveira__1991__DVDRip_para_divxclasico.cn.srt	/Volumes/导演们/曼努埃尔·德·奥利维拉/神曲/神曲A_Divina_Comedia__Manoel_de_Oliveira__1991__DVDRip_para_divxclasico.cn.srt	DRY_RUN_WOULD_MOVE
/Volumes/导演们/曼努埃尔·德·奥利维拉/神曲	/Volumes/导演们/曼努埃尔·德·奥利维拉/神曲/神曲A_Divina_Comedia__Manoel_de_Oliveira__1991__DVDRip_para_divxclasico/神曲A_Divina_Comedia__Manoel_de_Oliveira__1991__DVDRip_para_divxclasico.en.srt	/Volumes/导演们/曼努埃尔·德·奥利维拉/神曲/神曲A_Divina_Comedia__Manoel_de_Oliveira__1991__DVDRip_para_divxclasico.en.srt	DRY_RUN_WOULD_MOVE
/Volumes/导演们/曼努埃尔·德·奥利维拉/神曲	/Volumes/导演们/曼努埃尔·德·奥利维拉/神曲/神曲A_Divina_Comedia__Manoel_de_Oliveira__1991__DVDRip_para_divxclasico/神曲A_Divina_Comedia__Manoel_de_Oliveira__1991__DVDRip_para_divxclasico.en修改.srt	/Volumes/导演们/曼努埃尔·德·奥利维拉/神曲/神曲A_Divina_Comedia__Manoel_de_Oliveira__1991__DVDRip_para_divxclasico.en修改.srt	DRY_RUN_WOULD_MOVE
/Volumes/分类/传记·一段历史/西尔维娅	/Volumes/分类/传记·一段历史/西尔维娅/Silvia Prieto/Silvia_Prieto_chinese_simplified.srt	/Volumes/分类/传记·一段历史/西尔维娅/Silvia_Prieto_chinese_simplified.srt	DRY_RUN_WOULD_MOVE
/Volumes/分类/CULT·实验/入谜	/Volumes/分类/CULT·实验/入谜/Ecstasy.1933.DVDRip.XviD-SAPHiRE/Ecstasy.1933.DVDRip.XviD-SAPHiRE.srt	/Volumes/分类/CULT·实验/入谜/Ecstasy.1933.DVDRip.XviD-SAPHiRE.srt	DRY_RUN_WOULD_MOVE
/Volumes/分类/CULT·实验/入谜	/Volumes/分类/CULT·实验/入谜/Ecstasy.1933.DVDRip.XviD-SAPHiRE/Ecstasy.1933.srt	/Volumes/分类/CULT·实验/入谜/Ecstasy.1933.srt	DRY_RUN_WOULD_MOVE
/Volumes/分类/音乐/期待幸福	/Volumes/分类/音乐/期待幸福/Heremakono__Drama_2002__Mauritania__DVDRip__VOSE_/Heremakono [Drama-2002][Mauritania][DVDRip][VOSE].srt	/Volumes/分类/音乐/期待幸福/Heremakono [Drama-2002][Mauritania][DVDRip][VOSE].srt	DRY_RUN_WOULD_MOVE
/Volumes/分类/音乐/期待幸福	/Volumes/分类/音乐/期待幸福/Heremakono__Drama_2002__Mauritania__DVDRip__VOSE_/簡體.srt	/Volumes/分类/音乐/期待幸福/簡體.srt	DRY_RUN_WOULD_MOVE
/Volumes/分类/音乐/期待幸福	/Volumes/分类/音乐/期待幸福/Heremakono__Drama_2002__Mauritania__DVDRip__VOSE_/繁體.srt	/Volumes/分类/音乐/期待幸福/繁體.srt	DRY_RUN_WOULD_MOVE
/Volumes/分类/纪录/60年代的伯克利	/Volumes/分类/纪录/60年代的伯克利/subs/Berkeley.In.The.Sixties.1990.DVDRip.srt	/Volumes/分类/纪录/60年代的伯克利/Berkeley.In.The.Sixties.1990.DVDRip.srt	DRY_RUN_WOULD_MOVE
/Volumes/分类/纪录/60年代的伯克利	/Volumes/分类/纪录/60年代的伯克利/subs/Berkeley.in.the.Sixties.1990.DVDRiP.XViD-DRAGONETTA.chn.srt	/Volumes/分类/纪录/60年代的伯克利/Berkeley.in.the.Sixties.1990.DVDRiP.XViD-DRAGONETTA.chn.srt	DRY_RUN_WOULD_MOVE
/Volumes/分类/纪录/60年代的伯克利	/Volumes/分类/纪录/60年代的伯克利/subs/Berkeley.in.the.Sixties.1990.DVDRiP.XViD-DRAGONETTA.srt	/Volumes/分类/纪录/60年代的伯克利/Berkeley.in.the.Sixties.1990.DVDRiP.XViD-DRAGONETTA.srt	DRY_RUN_WOULD_MOVE
/Volumes/分类/科幻·奇幻/下一个世纪	/Volumes/分类/科幻·奇幻/下一个世纪/Wojna+swiat_+-+nastepne+stulecie+(1981)/Wojna+swiat_+-+nastepne+stulecie+(1981).srt	/Volumes/分类/科幻·奇幻/下一个世纪/Wojna+swiat_+-+nastepne+stulecie+(1981).srt	DRY_RUN_WOULD_MOVE
/Volumes/分类/科幻·奇幻/下一个世纪	/Volumes/分类/科幻·奇幻/下一个世纪/Wojna+swiat_+-+nastepne+stulecie+(1981)/Wojna+swiat_+-+nastepne+stulecie+(1981)（chs）.srt	/Volumes/分类/科幻·奇幻/下一个世纪/Wojna+swiat_+-+nastepne+stulecie+(1981)（chs）.srt	DRY_RUN_WOULD_MOVE
/Volumes/分类/科幻·奇幻/灵魂啊！你在何方？	/Volumes/分类/科幻·奇幻/灵魂啊！你在何方？/possible/Possible Worlds ( Robert Lepage) - (science-fiction).srt	/Volumes/分类/科幻·奇幻/灵魂啊！你在何方？/Possible Worlds ( Robert Lepage) - (science-fiction).srt	DRY_RUN_WOULD_MOVE
/Volumes/分类/科幻·奇幻/灵魂啊！你在何方？	/Volumes/分类/科幻·奇幻/灵魂啊！你在何方？/possible/Possible Worlds ( Robert Lepage) - (science-fiction).tw.srt	/Volumes/分类/科幻·奇幻/灵魂啊！你在何方？/Possible Worlds ( Robert Lepage) - (science-fiction).tw.srt	DRY_RUN_WOULD_MOVE
/Volumes/分类/科幻·奇幻/空气之魂，云之精灵	/Volumes/分类/科幻·奇幻/空气之魂，云之精灵/空气之魂，云之精灵/Alex Proyas (Dir). Spirits of the Air, Gremlins of the Clouds. (Australia, 1989).cn.srt	/Volumes/分类/科幻·奇幻/空气之魂，云之精灵/Alex Proyas (Dir). Spirits of the Air, Gremlins of the Clouds. (Australia, 1989).cn.srt	DRY_RUN_WOULD_MOVE
/Volumes/分类/科幻·奇幻/空气之魂，云之精灵	/Volumes/分类/科幻·奇幻/空气之魂，云之精灵/空气之魂，云之精灵/Alex Proyas (Dir). Spirits of the Air, Gremlins of the Clouds. (Australia, 1989).srt	/Volumes/分类/科幻·奇幻/空气之魂，云之精灵/Alex Proyas (Dir). Spirits of the Air, Gremlins of the Clouds. (Australia, 1989).srt	CONFLICT_DEST_EXISTS
/Volumes/分类/短篇集/多妻朝圣者	/Volumes/分类/短篇集/多妻朝圣者/le.wazzou.polygame/le.wazzou.polygame eng.srt	/Volumes/分类/短篇集/多妻朝圣者/le.wazzou.polygame eng.srt	DRY_RUN_WOULD_MOVE
/Volumes/分类/短篇集/多妻朝圣者	/Volumes/分类/短篇集/多妻朝圣者/le.wazzou.polygame/le.wazzou.polygame.srt	/Volumes/分类/短篇集/多妻朝圣者/le.wazzou.polygame.srt	DRY_RUN_WOULD_MOVE
/Volumes/分类/合集/要分类/(1969)第七日，第八夜 Den sedmý, osmá noc	/Volumes/分类/合集/要分类/(1969)第七日，第八夜 Den sedmý, osmá noc/subs/den.sedmy.osma.noc-dvdrip.felix.CZ.srt	/Volumes/分类/合集/要分类/(1969)第七日，第八夜 Den sedmý, osmá noc/den.sedmy.osma.noc-dvdrip.felix.CZ.srt	DRY_RUN_WOULD_MOVE
/Volumes/分类/合集/要分类/(1969)第七日，第八夜 Den sedmý, osmá noc	/Volumes/分类/合集/要分类/(1969)第七日，第八夜 Den sedmý, osmá noc/subs/den.sedmy.osma.noc-dvdrip.felix.EN.srt	/Volumes/分类/合集/要分类/(1969)第七日，第八夜 Den sedmý, osmá noc/den.sedmy.osma.noc-dvdrip.felix.EN.srt	DRY_RUN_WOULD_MOVE
/Volumes/分类/名著改编/卡夫卡电影作品集/变形记	/Volumes/分类/名著改编/卡夫卡电影作品集/变形记/__MACOSX/._mtmrphsis.srt	/Volumes/分类/名著改编/卡夫卡电影作品集/变形记/._mtmrphsis.srt	DRY_RUN_WOULD_MOVE
/Volumes/分类/喜剧/仲夏日的微笑	/Volumes/分类/喜剧/仲夏日的微笑/[仲夏日的微笑] A.Midsummer.Days.Smile.1963.DVDRip.XviD-LAP.eng&chs/[仲夏日的微笑] A.Midsummer.Days.Smile.1963.DVDRip.XviD-LAP.chs&eng.srt	/Volumes/分类/喜剧/仲夏日的微笑/[仲夏日的微笑] A.Midsummer.Days.Smile.1963.DVDRip.XviD-LAP.chs&eng.srt	DRY_RUN_WOULD_MOVE
/Volumes/分类/喜剧/仲夏日的微笑	/Volumes/分类/喜剧/仲夏日的微笑/[仲夏日的微笑] A.Midsummer.Days.Smile.1963.DVDRip.XviD-LAP.eng&chs/[仲夏日的微笑] A.Midsummer.Days.Smile.1963.DVDRip.XviD-LAP.chs.srt	/Volumes/分类/喜剧/仲夏日的微笑/[仲夏日的微笑] A.Midsummer.Days.Smile.1963.DVDRip.XviD-LAP.chs.srt	DRY_RUN_WOULD_MOVE
/Volumes/分类/喜剧/仲夏日的微笑	/Volumes/分类/喜剧/仲夏日的微笑/[仲夏日的微笑] A.Midsummer.Days.Smile.1963.DVDRip.XviD-LAP.eng&chs/[仲夏日的微笑] A.Midsummer.Days.Smile.1963.DVDRip.XviD-LAP.eng.srt	/Volumes/分类/喜剧/仲夏日的微笑/[仲夏日的微笑] A.Midsummer.Days.Smile.1963.DVDRip.XviD-LAP.eng.srt	DRY_RUN_WOULD_MOVE
/Volumes/分类/喜剧/哦，闪人	/Volumes/分类/喜剧/哦，闪人/Run Waiter Run/Vrchní,+prchni!+(1980)+Run+Waiter+Run(英).srt	/Volumes/分类/喜剧/哦，闪人/Vrchní,+prchni!+(1980)+Run+Waiter+Run(英).srt	DRY_RUN_WOULD_MOVE
/Volumes/分类/喜剧/哦，闪人	/Volumes/分类/喜剧/哦，闪人/Run Waiter Run/Vrchní,prchni!Run.Waiter.Run_1980(简).srt	/Volumes/分类/喜剧/哦，闪人/Vrchní,prchni!Run.Waiter.Run_1980(简).srt	DRY_RUN_WOULD_MOVE
/Volumes/分类/喜剧/哦，闪人	/Volumes/分类/喜剧/哦，闪人/Run Waiter Run/Vrchní,prchni!Run.Waiter.Run_1980(繁).srt	/Volumes/分类/喜剧/哦，闪人/Vrchní,prchni!Run.Waiter.Run_1980(繁).srt	DRY_RUN_WOULD_MOVE
/Volumes/分类/喜剧/悲欢岁月	/Volumes/分类/喜剧/悲欢岁月/悲欢岁月.The.Butcher.Boy.1997.DVDRip/（中英双显）悲欢岁月.The.Butcher.Boy.1997.DVDRip.srt	/Volumes/分类/喜剧/悲欢岁月/（中英双显）悲欢岁月.The.Butcher.Boy.1997.DVDRip.srt	DRY_RUN_WOULD_MOVE
/Volumes/分类/喜剧/悲欢岁月	/Volumes/分类/喜剧/悲欢岁月/悲欢岁月.The.Butcher.Boy.1997.DVDRip/（简体）悲欢岁月.The.Butcher.Boy.1997.DVDRip.srt	/Volumes/分类/喜剧/悲欢岁月/（简体）悲欢岁月.The.Butcher.Boy.1997.DVDRip.srt	DRY_RUN_WOULD_MOVE
/Volumes/分类/喜剧/特鲁布纳亚路的房子	/Volumes/分类/喜剧/特鲁布纳亚路的房子/Dom na Trubnoi Paracha/Dom na Trubnoi Paracha - Boris Barnet - 1928.chs.srt	/Volumes/分类/喜剧/特鲁布纳亚路的房子/Dom na Trubnoi Paracha - Boris Barnet - 1928.chs.srt	DRY_RUN_WOULD_MOVE
/Volumes/分类/喜剧/特鲁布纳亚路的房子	/Volumes/分类/喜剧/特鲁布纳亚路的房子/Dom na Trubnoi Paracha/La casa sulla Trubnaja (aka Dom na Trubnoi Paracha - Boris Barnet - 1928, Silent_sub-ita).srt	/Volumes/分类/喜剧/特鲁布纳亚路的房子/La casa sulla Trubnaja (aka Dom na Trubnoi Paracha - Boris Barnet - 1928, Silent_sub-ita).srt	DRY_RUN_WOULD_MOVE
/Volumes/分类/惊悚·犯罪·动作/二号铁轨	/Volumes/分类/惊悚·犯罪·动作/二号铁轨/二号铁轨/1962-dollhead-das_zweite_gleis.chs.srt	/Volumes/分类/惊悚·犯罪·动作/二号铁轨/1962-dollhead-das_zweite_gleis.chs.srt	DRY_RUN_WOULD_MOVE
/Volumes/分类/惊悚·犯罪·动作/二号铁轨	/Volumes/分类/惊悚·犯罪·动作/二号铁轨/二号铁轨/1962-dollhead-das_zweite_gleis.eng.srt	/Volumes/分类/惊悚·犯罪·动作/二号铁轨/1962-dollhead-das_zweite_gleis.eng.srt	DRY_RUN_WOULD_MOVE
/Volumes/分类/惊悚·犯罪·动作/后院	/Volumes/分类/惊悚·犯罪·动作/后院/English/Backyard.2009.DVDRip.XviD-VoMiT.srt	/Volumes/分类/惊悚·犯罪·动作/后院/Backyard.2009.DVDRip.XviD-VoMiT.srt	CONFLICT_DEST_EXISTS
